House,Warehouse,ID
house_1,Warehouse_1,ID_5689
house_1,Warehouse_1,ID_9550
house_1,Warehouse_1,ID_34939
house_1,Warehouse_1,ID_28617
house_1,Warehouse_1,ID_16529
house_1,Warehouse_1,ID_45206
house_1,Warehouse_1,ID_9711
house_1,Warehouse_2,ID_8021
house_1,Warehouse_2,ID_14157
house_1,Warehouse_2,ID_25652
house_1,Warehouse_2,ID_23045
house_1,Warehouse_2,ID_33646
house_1,Warehouse_2,ID_48117
house_1,Warehouse_3,ID_26548
house_1,Warehouse_3,ID_24056
house_1,Warehouse_3,ID_1032
house_1,Warehouse_3,ID_4111
house_1,Warehouse_3,ID_27869
house_1,Warehouse_3,ID_23005
house_1,Warehouse_4,ID_26170
house_1,Warehouse_4,ID_28059
house_1,Warehouse_4,ID_19188
house_1,Warehouse_4,ID_19329
house_1,Warehouse_5,ID_17427
house_1,Warehouse_5,ID_28544
house_1,Warehouse_5,ID_49276
house_1,Warehouse_5,ID_20143
house_1,Warehouse_5,ID_46970
house_1,Warehouse_5,ID_2879
house_1,Warehouse_6,ID_25273
house_1,Warehouse_6,ID_15722
house_1,Warehouse_6,ID_17527
house_1,Warehouse_7,ID_7144
house_1,Warehouse_7,ID_34013
house_1,Warehouse_7,ID_32850
house_1,Warehouse_7,ID_42728
house_1,Warehouse_7,ID_28358
house_1,Warehouse_7,ID_17899
house_2,Warehouse_1,ID_5689
house_2,Warehouse_1,ID_9550
house_2,Warehouse_1,ID_34939
house_2,Warehouse_1,ID_28617
house_2,Warehouse_1,ID_16529
house_2,Warehouse_1,ID_45206
house_2,Warehouse_1,ID_9711
house_2,Warehouse_2,ID_8021
house_2,Warehouse_2,ID_14157
house_2,Warehouse_2,ID_25652
house_2,Warehouse_2,ID_23045
house_2,Warehouse_2,ID_33646
house_2,Warehouse_2,ID_48117
house_2,Warehouse_3,ID_26548
house_2,Warehouse_3,ID_24056
house_2,Warehouse_3,ID_1032
house_2,Warehouse_3,ID_4111
house_2,Warehouse_3,ID_27869
house_2,Warehouse_3,ID_23005
house_2,Warehouse_4,ID_26170
house_2,Warehouse_4,ID_28059
house_2,Warehouse_4,ID_19188
house_2,Warehouse_4,ID_19329
house_2,Warehouse_5,ID_17427
house_2,Warehouse_5,ID_28544
house_2,Warehouse_5,ID_49276
house_2,Warehouse_5,ID_20143
house_2,Warehouse_5,ID_46970
house_2,Warehouse_5,ID_2879
house_2,Warehouse_6,ID_25273
house_2,Warehouse_6,ID_15722
house_2,Warehouse_6,ID_17527
house_2,Warehouse_7,ID_7144
house_2,Warehouse_7,ID_34013
house_2,Warehouse_7,ID_32850
house_2,Warehouse_7,ID_42728
house_2,Warehouse_7,ID_28358
house_2,Warehouse_7,ID_17899
house_3,Warehouse_1,ID_5689
house_3,Warehouse_1,ID_9550
house_3,Warehouse_1,ID_34939
house_3,Warehouse_1,ID_28617
house_3,Warehouse_1,ID_16529
house_3,Warehouse_1,ID_45206
house_3,Warehouse_1,ID_9711
house_3,Warehouse_2,ID_8021
house_3,Warehouse_2,ID_14157
house_3,Warehouse_2,ID_25652
house_3,Warehouse_2,ID_23045
house_3,Warehouse_2,ID_33646
house_3,Warehouse_2,ID_48117
house_3,Warehouse_3,ID_26548
house_3,Warehouse_3,ID_24056
house_3,Warehouse_3,ID_1032
house_3,Warehouse_3,ID_4111
house_3,Warehouse_3,ID_27869
house_3,Warehouse_3,ID_23005
house_3,Warehouse_4,ID_26170
house_3,Warehouse_4,ID_28059
house_3,Warehouse_4,ID_19188
house_3,Warehouse_4,ID_19329
house_3,Warehouse_5,ID_17427
house_3,Warehouse_5,ID_28544
house_3,Warehouse_5,ID_49276
house_3,Warehouse_5,ID_20143
house_3,Warehouse_5,ID_46970
house_3,Warehouse_5,ID_2879
house_3,Warehouse_6,ID_25273
house_3,Warehouse_6,ID_15722
house_3,Warehouse_6,ID_17527
house_3,Warehouse_7,ID_7144
house_3,Warehouse_7,ID_34013
house_3,Warehouse_7,ID_32850
house_3,Warehouse_7,ID_42728
house_3,Warehouse_7,ID_28358
house_3,Warehouse_7,ID_17899
house_4,Warehouse_1,ID_5689
house_4,Warehouse_1,ID_9550
house_4,Warehouse_1,ID_34939
house_4,Warehouse_1,ID_28617
house_4,Warehouse_1,ID_16529
house_4,Warehouse_1,ID_45206
house_4,Warehouse_1,ID_9711
house_4,Warehouse_2,ID_8021
house_4,Warehouse_2,ID_14157
house_4,Warehouse_2,ID_25652
house_4,Warehouse_2,ID_23045
house_4,Warehouse_2,ID_33646
house_4,Warehouse_2,ID_48117
house_4,Warehouse_3,ID_26548
house_4,Warehouse_3,ID_24056
house_4,Warehouse_3,ID_1032
house_4,Warehouse_3,ID_4111
house_4,Warehouse_3,ID_27869
house_4,Warehouse_3,ID_23005
house_4,Warehouse_4,ID_26170
house_4,Warehouse_4,ID_28059
house_4,Warehouse_4,ID_19188
house_4,Warehouse_4,ID_19329
house_4,Warehouse_5,ID_17427
house_4,Warehouse_5,ID_28544
house_4,Warehouse_5,ID_49276
house_4,Warehouse_5,ID_20143
house_4,Warehouse_5,ID_46970
house_4,Warehouse_5,ID_2879
house_4,Warehouse_6,ID_25273
house_4,Warehouse_6,ID_15722
house_4,Warehouse_6,ID_17527
house_4,Warehouse_7,ID_7144
house_4,Warehouse_7,ID_34013
house_4,Warehouse_7,ID_32850
house_4,Warehouse_7,ID_42728
house_4,Warehouse_7,ID_28358
house_4,Warehouse_7,ID_17899
house_5,Warehouse_1,ID_5689
house_5,Warehouse_1,ID_9550
house_5,Warehouse_1,ID_34939
house_5,Warehouse_1,ID_28617
house_5,Warehouse_1,ID_16529
house_5,Warehouse_1,ID_45206
house_5,Warehouse_1,ID_9711
house_5,Warehouse_2,ID_8021
house_5,Warehouse_2,ID_14157
house_5,Warehouse_2,ID_25652
house_5,Warehouse_2,ID_23045
house_5,Warehouse_2,ID_33646
house_5,Warehouse_2,ID_48117
house_5,Warehouse_3,ID_26548
house_5,Warehouse_3,ID_24056
house_5,Warehouse_3,ID_1032
house_5,Warehouse_3,ID_4111
house_5,Warehouse_3,ID_27869
house_5,Warehouse_3,ID_23005
house_5,Warehouse_4,ID_26170
house_5,Warehouse_4,ID_28059
house_5,Warehouse_4,ID_19188
house_5,Warehouse_4,ID_19329
house_5,Warehouse_5,ID_17427
house_5,Warehouse_5,ID_28544
house_5,Warehouse_5,ID_49276
house_5,Warehouse_5,ID_20143
house_5,Warehouse_5,ID_46970
house_5,Warehouse_5,ID_2879
house_5,Warehouse_6,ID_25273
house_5,Warehouse_6,ID_15722
house_5,Warehouse_6,ID_17527
house_5,Warehouse_7,ID_7144
house_5,Warehouse_7,ID_34013
house_5,Warehouse_7,ID_32850
house_5,Warehouse_7,ID_42728
house_5,Warehouse_7,ID_28358
house_5,Warehouse_7,ID_17899
house_6,Warehouse_1,ID_5689
house_6,Warehouse_1,ID_9550
house_6,Warehouse_1,ID_34939
house_6,Warehouse_1,ID_28617
house_6,Warehouse_1,ID_16529
house_6,Warehouse_1,ID_45206
house_6,Warehouse_1,ID_9711
house_6,Warehouse_2,ID_8021
house_6,Warehouse_2,ID_14157
house_6,Warehouse_2,ID_25652
house_6,Warehouse_2,ID_23045
house_6,Warehouse_2,ID_33646
house_6,Warehouse_2,ID_48117
house_6,Warehouse_3,ID_26548
house_6,Warehouse_3,ID_24056
house_6,Warehouse_3,ID_1032
house_6,Warehouse_3,ID_4111
house_6,Warehouse_3,ID_27869
house_6,Warehouse_3,ID_23005
house_6,Warehouse_4,ID_26170
house_6,Warehouse_4,ID_28059
house_6,Warehouse_4,ID_19188
house_6,Warehouse_4,ID_19329
house_6,Warehouse_5,ID_17427
house_6,Warehouse_5,ID_28544
house_6,Warehouse_5,ID_49276
house_6,Warehouse_5,ID_20143
house_6,Warehouse_5,ID_46970
house_6,Warehouse_5,ID_2879
house_6,Warehouse_6,ID_25273
house_6,Warehouse_6,ID_15722
house_6,Warehouse_6,ID_17527
house_6,Warehouse_7,ID_7144
house_6,Warehouse_7,ID_34013
house_6,Warehouse_7,ID_32850
house_6,Warehouse_7,ID_42728
house_6,Warehouse_7,ID_28358
house_6,Warehouse_7,ID_17899
house_7,Warehouse_1,ID_5689
house_7,Warehouse_1,ID_9550
house_7,Warehouse_1,ID_34939
house_7,Warehouse_1,ID_28617
house_7,Warehouse_1,ID_16529
house_7,Warehouse_1,ID_45206
house_7,Warehouse_1,ID_9711
house_7,Warehouse_2,ID_8021
house_7,Warehouse_2,ID_14157
house_7,Warehouse_2,ID_25652
house_7,Warehouse_2,ID_23045
house_7,Warehouse_2,ID_33646
house_7,Warehouse_2,ID_48117
house_7,Warehouse_3,ID_26548
house_7,Warehouse_3,ID_24056
house_7,Warehouse_3,ID_1032
house_7,Warehouse_3,ID_4111
house_7,Warehouse_3,ID_27869
house_7,Warehouse_3,ID_23005
house_7,Warehouse_4,ID_26170
house_7,Warehouse_4,ID_28059
house_7,Warehouse_4,ID_19188
house_7,Warehouse_4,ID_19329
house_7,Warehouse_5,ID_17427
house_7,Warehouse_5,ID_28544
house_7,Warehouse_5,ID_49276
house_7,Warehouse_5,ID_20143
house_7,Warehouse_5,ID_46970
house_7,Warehouse_5,ID_2879
house_7,Warehouse_6,ID_25273
house_7,Warehouse_6,ID_15722
house_7,Warehouse_6,ID_17527
house_7,Warehouse_7,ID_7144
house_7,Warehouse_7,ID_34013
house_7,Warehouse_7,ID_32850
house_7,Warehouse_7,ID_42728
house_7,Warehouse_7,ID_28358
house_7,Warehouse_7,ID_17899
house_8,Warehouse_1,ID_5689
house_8,Warehouse_1,ID_9550
house_8,Warehouse_1,ID_34939
house_8,Warehouse_1,ID_28617
house_8,Warehouse_1,ID_16529
house_8,Warehouse_1,ID_45206
house_8,Warehouse_1,ID_9711
house_8,Warehouse_2,ID_8021
house_8,Warehouse_2,ID_14157
house_8,Warehouse_2,ID_25652
house_8,Warehouse_2,ID_23045
house_8,Warehouse_2,ID_33646
house_8,Warehouse_2,ID_48117
house_8,Warehouse_3,ID_26548
house_8,Warehouse_3,ID_24056
house_8,Warehouse_3,ID_1032
house_8,Warehouse_3,ID_4111
house_8,Warehouse_3,ID_27869
house_8,Warehouse_3,ID_23005
house_8,Warehouse_4,ID_26170
house_8,Warehouse_4,ID_28059
house_8,Warehouse_4,ID_19188
house_8,Warehouse_4,ID_19329
house_8,Warehouse_5,ID_17427
house_8,Warehouse_5,ID_28544
house_8,Warehouse_5,ID_49276
house_8,Warehouse_5,ID_20143
house_8,Warehouse_5,ID_46970
house_8,Warehouse_5,ID_2879
house_8,Warehouse_6,ID_25273
house_8,Warehouse_6,ID_15722
house_8,Warehouse_6,ID_17527
house_8,Warehouse_7,ID_7144
house_8,Warehouse_7,ID_34013
house_8,Warehouse_7,ID_32850
house_8,Warehouse_7,ID_42728
house_8,Warehouse_7,ID_28358
house_8,Warehouse_7,ID_17899
house_9,Warehouse_1,ID_5689
house_9,Warehouse_1,ID_9550
house_9,Warehouse_1,ID_34939
house_9,Warehouse_1,ID_28617
house_9,Warehouse_1,ID_16529
house_9,Warehouse_1,ID_45206
house_9,Warehouse_1,ID_9711
house_9,Warehouse_2,ID_8021
house_9,Warehouse_2,ID_14157
house_9,Warehouse_2,ID_25652
house_9,Warehouse_2,ID_23045
house_9,Warehouse_2,ID_33646
house_9,Warehouse_2,ID_48117
house_9,Warehouse_3,ID_26548
house_9,Warehouse_3,ID_24056
house_9,Warehouse_3,ID_1032
house_9,Warehouse_3,ID_4111
house_9,Warehouse_3,ID_27869
house_9,Warehouse_3,ID_23005
house_9,Warehouse_4,ID_26170
house_9,Warehouse_4,ID_28059
house_9,Warehouse_4,ID_19188
house_9,Warehouse_4,ID_19329
house_9,Warehouse_5,ID_17427
house_9,Warehouse_5,ID_28544
house_9,Warehouse_5,ID_49276
house_9,Warehouse_5,ID_20143
house_9,Warehouse_5,ID_46970
house_9,Warehouse_5,ID_2879
house_9,Warehouse_6,ID_25273
house_9,Warehouse_6,ID_15722
house_9,Warehouse_6,ID_17527
house_9,Warehouse_7,ID_7144
house_9,Warehouse_7,ID_34013
house_9,Warehouse_7,ID_32850
house_9,Warehouse_7,ID_42728
house_9,Warehouse_7,ID_28358
house_9,Warehouse_7,ID_17899
house_10,Warehouse_1,ID_5689
house_10,Warehouse_1,ID_9550
house_10,Warehouse_1,ID_34939
house_10,Warehouse_1,ID_28617
house_10,Warehouse_1,ID_16529
house_10,Warehouse_1,ID_45206
house_10,Warehouse_1,ID_9711
house_10,Warehouse_2,ID_8021
house_10,Warehouse_2,ID_14157
house_10,Warehouse_2,ID_25652
house_10,Warehouse_2,ID_23045
house_10,Warehouse_2,ID_33646
house_10,Warehouse_2,ID_48117
house_10,Warehouse_3,ID_26548
house_10,Warehouse_3,ID_24056
house_10,Warehouse_3,ID_1032
house_10,Warehouse_3,ID_4111
house_10,Warehouse_3,ID_27869
house_10,Warehouse_3,ID_23005
house_10,Warehouse_4,ID_26170
house_10,Warehouse_4,ID_28059
house_10,Warehouse_4,ID_19188
house_10,Warehouse_4,ID_19329
house_10,Warehouse_5,ID_17427
house_10,Warehouse_5,ID_28544
house_10,Warehouse_5,ID_49276
house_10,Warehouse_5,ID_20143
house_10,Warehouse_5,ID_46970
house_10,Warehouse_5,ID_2879
house_10,Warehouse_6,ID_25273
house_10,Warehouse_6,ID_15722
house_10,Warehouse_6,ID_17527
house_10,Warehouse_7,ID_7144
house_10,Warehouse_7,ID_34013
house_10,Warehouse_7,ID_32850
house_10,Warehouse_7,ID_42728
house_10,Warehouse_7,ID_28358
house_10,Warehouse_7,ID_17899
house_11,Warehouse_1,ID_5689
house_11,Warehouse_1,ID_9550
house_11,Warehouse_1,ID_34939
house_11,Warehouse_1,ID_28617
house_11,Warehouse_1,ID_16529
house_11,Warehouse_1,ID_45206
house_11,Warehouse_1,ID_9711
house_11,Warehouse_2,ID_8021
house_11,Warehouse_2,ID_14157
house_11,Warehouse_2,ID_25652
house_11,Warehouse_2,ID_23045
house_11,Warehouse_2,ID_33646
house_11,Warehouse_2,ID_48117
house_11,Warehouse_3,ID_26548
house_11,Warehouse_3,ID_24056
house_11,Warehouse_3,ID_1032
house_11,Warehouse_3,ID_4111
house_11,Warehouse_3,ID_27869
house_11,Warehouse_3,ID_23005
house_11,Warehouse_4,ID_26170
house_11,Warehouse_4,ID_28059
house_11,Warehouse_4,ID_19188
house_11,Warehouse_4,ID_19329
house_11,Warehouse_5,ID_17427
house_11,Warehouse_5,ID_28544
house_11,Warehouse_5,ID_49276
house_11,Warehouse_5,ID_20143
house_11,Warehouse_5,ID_46970
house_11,Warehouse_5,ID_2879
house_11,Warehouse_6,ID_25273
house_11,Warehouse_6,ID_15722
house_11,Warehouse_6,ID_17527
house_11,Warehouse_7,ID_7144
house_11,Warehouse_7,ID_34013
house_11,Warehouse_7,ID_32850
house_11,Warehouse_7,ID_42728
house_11,Warehouse_7,ID_28358
house_11,Warehouse_7,ID_17899
house_12,Warehouse_1,ID_5689
house_12,Warehouse_1,ID_9550
house_12,Warehouse_1,ID_34939
house_12,Warehouse_1,ID_28617
house_12,Warehouse_1,ID_16529
house_12,Warehouse_1,ID_45206
house_12,Warehouse_1,ID_9711
house_12,Warehouse_2,ID_8021
house_12,Warehouse_2,ID_14157
house_12,Warehouse_2,ID_25652
house_12,Warehouse_2,ID_23045
house_12,Warehouse_2,ID_33646
house_12,Warehouse_2,ID_48117
house_12,Warehouse_3,ID_26548
house_12,Warehouse_3,ID_24056
house_12,Warehouse_3,ID_1032
house_12,Warehouse_3,ID_4111
house_12,Warehouse_3,ID_27869
house_12,Warehouse_3,ID_23005
house_12,Warehouse_4,ID_26170
house_12,Warehouse_4,ID_28059
house_12,Warehouse_4,ID_19188
house_12,Warehouse_4,ID_19329
house_12,Warehouse_5,ID_17427
house_12,Warehouse_5,ID_28544
house_12,Warehouse_5,ID_49276
house_12,Warehouse_5,ID_20143
house_12,Warehouse_5,ID_46970
house_12,Warehouse_5,ID_2879
house_12,Warehouse_6,ID_25273
house_12,Warehouse_6,ID_15722
house_12,Warehouse_6,ID_17527
house_12,Warehouse_7,ID_7144
house_12,Warehouse_7,ID_34013
house_12,Warehouse_7,ID_32850
house_12,Warehouse_7,ID_42728
house_12,Warehouse_7,ID_28358
house_12,Warehouse_7,ID_17899
house_13,Warehouse_1,ID_5689
house_13,Warehouse_1,ID_9550
house_13,Warehouse_1,ID_34939
house_13,Warehouse_1,ID_28617
house_13,Warehouse_1,ID_16529
house_13,Warehouse_1,ID_45206
house_13,Warehouse_1,ID_9711
house_13,Warehouse_2,ID_8021
house_13,Warehouse_2,ID_14157
house_13,Warehouse_2,ID_25652
house_13,Warehouse_2,ID_23045
house_13,Warehouse_2,ID_33646
house_13,Warehouse_2,ID_48117
house_13,Warehouse_3,ID_26548
house_13,Warehouse_3,ID_24056
house_13,Warehouse_3,ID_1032
house_13,Warehouse_3,ID_4111
house_13,Warehouse_3,ID_27869
house_13,Warehouse_3,ID_23005
house_13,Warehouse_4,ID_26170
house_13,Warehouse_4,ID_28059
house_13,Warehouse_4,ID_19188
house_13,Warehouse_4,ID_19329
house_13,Warehouse_5,ID_17427
house_13,Warehouse_5,ID_28544
house_13,Warehouse_5,ID_49276
house_13,Warehouse_5,ID_20143
house_13,Warehouse_5,ID_46970
house_13,Warehouse_5,ID_2879
house_13,Warehouse_6,ID_25273
house_13,Warehouse_6,ID_15722
house_13,Warehouse_6,ID_17527
house_13,Warehouse_7,ID_7144
house_13,Warehouse_7,ID_34013
house_13,Warehouse_7,ID_32850
house_13,Warehouse_7,ID_42728
house_13,Warehouse_7,ID_28358
house_13,Warehouse_7,ID_17899
house_14,Warehouse_1,ID_5689
house_14,Warehouse_1,ID_9550
house_14,Warehouse_1,ID_34939
house_14,Warehouse_1,ID_28617
house_14,Warehouse_1,ID_16529
house_14,Warehouse_1,ID_45206
house_14,Warehouse_1,ID_9711
house_14,Warehouse_2,ID_8021
house_14,Warehouse_2,ID_14157
house_14,Warehouse_2,ID_25652
house_14,Warehouse_2,ID_23045
house_14,Warehouse_2,ID_33646
house_14,Warehouse_2,ID_48117
house_14,Warehouse_3,ID_26548
house_14,Warehouse_3,ID_24056
house_14,Warehouse_3,ID_1032
house_14,Warehouse_3,ID_4111
house_14,Warehouse_3,ID_27869
house_14,Warehouse_3,ID_23005
house_14,Warehouse_4,ID_26170
house_14,Warehouse_4,ID_28059
house_14,Warehouse_4,ID_19188
house_14,Warehouse_4,ID_19329
house_14,Warehouse_5,ID_17427
house_14,Warehouse_5,ID_28544
house_14,Warehouse_5,ID_49276
house_14,Warehouse_5,ID_20143
house_14,Warehouse_5,ID_46970
house_14,Warehouse_5,ID_2879
house_14,Warehouse_6,ID_25273
house_14,Warehouse_6,ID_15722
house_14,Warehouse_6,ID_17527
house_14,Warehouse_7,ID_7144
house_14,Warehouse_7,ID_34013
house_14,Warehouse_7,ID_32850
house_14,Warehouse_7,ID_42728
house_14,Warehouse_7,ID_28358
house_14,Warehouse_7,ID_17899
house_15,Warehouse_1,ID_5689
house_15,Warehouse_1,ID_9550
house_15,Warehouse_1,ID_34939
house_15,Warehouse_1,ID_28617
house_15,Warehouse_1,ID_16529
house_15,Warehouse_1,ID_45206
house_15,Warehouse_1,ID_9711
house_15,Warehouse_2,ID_8021
house_15,Warehouse_2,ID_14157
house_15,Warehouse_2,ID_25652
house_15,Warehouse_2,ID_23045
house_15,Warehouse_2,ID_33646
house_15,Warehouse_2,ID_48117
house_15,Warehouse_3,ID_26548
house_15,Warehouse_3,ID_24056
house_15,Warehouse_3,ID_1032
house_15,Warehouse_3,ID_4111
house_15,Warehouse_3,ID_27869
house_15,Warehouse_3,ID_23005
house_15,Warehouse_4,ID_26170
house_15,Warehouse_4,ID_28059
house_15,Warehouse_4,ID_19188
house_15,Warehouse_4,ID_19329
house_15,Warehouse_5,ID_17427
house_15,Warehouse_5,ID_28544
house_15,Warehouse_5,ID_49276
house_15,Warehouse_5,ID_20143
house_15,Warehouse_5,ID_46970
house_15,Warehouse_5,ID_2879
house_15,Warehouse_6,ID_25273
house_15,Warehouse_6,ID_15722
house_15,Warehouse_6,ID_17527
house_15,Warehouse_7,ID_7144
house_15,Warehouse_7,ID_34013
house_15,Warehouse_7,ID_32850
house_15,Warehouse_7,ID_42728
house_15,Warehouse_7,ID_28358
house_15,Warehouse_7,ID_17899
house_16,Warehouse_1,ID_5689
house_16,Warehouse_1,ID_9550
house_16,Warehouse_1,ID_34939
house_16,Warehouse_1,ID_28617
house_16,Warehouse_1,ID_16529
house_16,Warehouse_1,ID_45206
house_16,Warehouse_1,ID_9711
house_16,Warehouse_2,ID_8021
house_16,Warehouse_2,ID_14157
house_16,Warehouse_2,ID_25652
house_16,Warehouse_2,ID_23045
house_16,Warehouse_2,ID_33646
house_16,Warehouse_2,ID_48117
house_16,Warehouse_3,ID_26548
house_16,Warehouse_3,ID_24056
house_16,Warehouse_3,ID_1032
house_16,Warehouse_3,ID_4111
house_16,Warehouse_3,ID_27869
house_16,Warehouse_3,ID_23005
house_16,Warehouse_4,ID_26170
house_16,Warehouse_4,ID_28059
house_16,Warehouse_4,ID_19188
house_16,Warehouse_4,ID_19329
house_16,Warehouse_5,ID_17427
house_16,Warehouse_5,ID_28544
house_16,Warehouse_5,ID_49276
house_16,Warehouse_5,ID_20143
house_16,Warehouse_5,ID_46970
house_16,Warehouse_5,ID_2879
house_16,Warehouse_6,ID_25273
house_16,Warehouse_6,ID_15722
house_16,Warehouse_6,ID_17527
house_16,Warehouse_7,ID_7144
house_16,Warehouse_7,ID_34013
house_16,Warehouse_7,ID_32850
house_16,Warehouse_7,ID_42728
house_16,Warehouse_7,ID_28358
house_16,Warehouse_7,ID_17899
house_17,Warehouse_1,ID_5689
house_17,Warehouse_1,ID_9550
house_17,Warehouse_1,ID_34939
house_17,Warehouse_1,ID_28617
house_17,Warehouse_1,ID_16529
house_17,Warehouse_1,ID_45206
house_17,Warehouse_1,ID_9711
house_17,Warehouse_2,ID_8021
house_17,Warehouse_2,ID_14157
house_17,Warehouse_2,ID_25652
house_17,Warehouse_2,ID_23045
house_17,Warehouse_2,ID_33646
house_17,Warehouse_2,ID_48117
house_17,Warehouse_3,ID_26548
house_17,Warehouse_3,ID_24056
house_17,Warehouse_3,ID_1032
house_17,Warehouse_3,ID_4111
house_17,Warehouse_3,ID_27869
house_17,Warehouse_3,ID_23005
house_17,Warehouse_4,ID_26170
house_17,Warehouse_4,ID_28059
house_17,Warehouse_4,ID_19188
house_17,Warehouse_4,ID_19329
house_17,Warehouse_5,ID_17427
house_17,Warehouse_5,ID_28544
house_17,Warehouse_5,ID_49276
house_17,Warehouse_5,ID_20143
house_17,Warehouse_5,ID_46970
house_17,Warehouse_5,ID_2879
house_17,Warehouse_6,ID_25273
house_17,Warehouse_6,ID_15722
house_17,Warehouse_6,ID_17527
house_17,Warehouse_7,ID_7144
house_17,Warehouse_7,ID_34013
house_17,Warehouse_7,ID_32850
house_17,Warehouse_7,ID_42728
house_17,Warehouse_7,ID_28358
house_17,Warehouse_7,ID_17899
house_18,Warehouse_1,ID_5689
house_18,Warehouse_1,ID_9550
house_18,Warehouse_1,ID_34939
house_18,Warehouse_1,ID_28617
house_18,Warehouse_1,ID_16529
house_18,Warehouse_1,ID_45206
house_18,Warehouse_1,ID_9711
house_18,Warehouse_2,ID_8021
house_18,Warehouse_2,ID_14157
house_18,Warehouse_2,ID_25652
house_18,Warehouse_2,ID_23045
house_18,Warehouse_2,ID_33646
house_18,Warehouse_2,ID_48117
house_18,Warehouse_3,ID_26548
house_18,Warehouse_3,ID_24056
house_18,Warehouse_3,ID_1032
house_18,Warehouse_3,ID_4111
house_18,Warehouse_3,ID_27869
house_18,Warehouse_3,ID_23005
house_18,Warehouse_4,ID_26170
house_18,Warehouse_4,ID_28059
house_18,Warehouse_4,ID_19188
house_18,Warehouse_4,ID_19329
house_18,Warehouse_5,ID_17427
house_18,Warehouse_5,ID_28544
house_18,Warehouse_5,ID_49276
house_18,Warehouse_5,ID_20143
house_18,Warehouse_5,ID_46970
house_18,Warehouse_5,ID_2879
house_18,Warehouse_6,ID_25273
house_18,Warehouse_6,ID_15722
house_18,Warehouse_6,ID_17527
house_18,Warehouse_7,ID_7144
house_18,Warehouse_7,ID_34013
house_18,Warehouse_7,ID_32850
house_18,Warehouse_7,ID_42728
house_18,Warehouse_7,ID_28358
house_18,Warehouse_7,ID_17899
house_19,Warehouse_1,ID_5689
house_19,Warehouse_1,ID_9550
house_19,Warehouse_1,ID_34939
house_19,Warehouse_1,ID_28617
house_19,Warehouse_1,ID_16529
house_19,Warehouse_1,ID_45206
house_19,Warehouse_1,ID_9711
house_19,Warehouse_2,ID_8021
house_19,Warehouse_2,ID_14157
house_19,Warehouse_2,ID_25652
house_19,Warehouse_2,ID_23045
house_19,Warehouse_2,ID_33646
house_19,Warehouse_2,ID_48117
house_19,Warehouse_3,ID_26548
house_19,Warehouse_3,ID_24056
house_19,Warehouse_3,ID_1032
house_19,Warehouse_3,ID_4111
house_19,Warehouse_3,ID_27869
house_19,Warehouse_3,ID_23005
house_19,Warehouse_4,ID_26170
house_19,Warehouse_4,ID_28059
house_19,Warehouse_4,ID_19188
house_19,Warehouse_4,ID_19329
house_19,Warehouse_5,ID_17427
house_19,Warehouse_5,ID_28544
house_19,Warehouse_5,ID_49276
house_19,Warehouse_5,ID_20143
house_19,Warehouse_5,ID_46970
house_19,Warehouse_5,ID_2879
house_19,Warehouse_6,ID_25273
house_19,Warehouse_6,ID_15722
house_19,Warehouse_6,ID_17527
house_19,Warehouse_7,ID_7144
house_19,Warehouse_7,ID_34013
house_19,Warehouse_7,ID_32850
house_19,Warehouse_7,ID_42728
house_19,Warehouse_7,ID_28358
house_19,Warehouse_7,ID_17899
house_20,Warehouse_1,ID_5689
house_20,Warehouse_1,ID_9550
house_20,Warehouse_1,ID_34939
house_20,Warehouse_1,ID_28617
house_20,Warehouse_1,ID_16529
house_20,Warehouse_1,ID_45206
house_20,Warehouse_1,ID_9711
house_20,Warehouse_2,ID_8021
house_20,Warehouse_2,ID_14157
house_20,Warehouse_2,ID_25652
house_20,Warehouse_2,ID_23045
house_20,Warehouse_2,ID_33646
house_20,Warehouse_2,ID_48117
house_20,Warehouse_3,ID_26548
house_20,Warehouse_3,ID_24056
house_20,Warehouse_3,ID_1032
house_20,Warehouse_3,ID_4111
house_20,Warehouse_3,ID_27869
house_20,Warehouse_3,ID_23005
house_20,Warehouse_4,ID_26170
house_20,Warehouse_4,ID_28059
house_20,Warehouse_4,ID_19188
house_20,Warehouse_4,ID_19329
house_20,Warehouse_5,ID_17427
house_20,Warehouse_5,ID_28544
house_20,Warehouse_5,ID_49276
house_20,Warehouse_5,ID_20143
house_20,Warehouse_5,ID_46970
house_20,Warehouse_5,ID_2879
house_20,Warehouse_6,ID_25273
house_20,Warehouse_6,ID_15722
house_20,Warehouse_6,ID_17527
house_20,Warehouse_7,ID_7144
house_20,Warehouse_7,ID_34013
house_20,Warehouse_7,ID_32850
house_20,Warehouse_7,ID_42728
house_20,Warehouse_7,ID_28358
house_20,Warehouse_7,ID_17899
house_21,Warehouse_1,ID_5689
house_21,Warehouse_1,ID_9550
house_21,Warehouse_1,ID_34939
house_21,Warehouse_1,ID_28617
house_21,Warehouse_1,ID_16529
house_21,Warehouse_1,ID_45206
house_21,Warehouse_1,ID_9711
house_21,Warehouse_2,ID_8021
house_21,Warehouse_2,ID_14157
house_21,Warehouse_2,ID_25652
house_21,Warehouse_2,ID_23045
house_21,Warehouse_2,ID_33646
house_21,Warehouse_2,ID_48117
house_21,Warehouse_3,ID_26548
house_21,Warehouse_3,ID_24056
house_21,Warehouse_3,ID_1032
house_21,Warehouse_3,ID_4111
house_21,Warehouse_3,ID_27869
house_21,Warehouse_3,ID_23005
house_21,Warehouse_4,ID_26170
house_21,Warehouse_4,ID_28059
house_21,Warehouse_4,ID_19188
house_21,Warehouse_4,ID_19329
house_21,Warehouse_5,ID_17427
house_21,Warehouse_5,ID_28544
house_21,Warehouse_5,ID_49276
house_21,Warehouse_5,ID_20143
house_21,Warehouse_5,ID_46970
house_21,Warehouse_5,ID_2879
house_21,Warehouse_6,ID_25273
house_21,Warehouse_6,ID_15722
house_21,Warehouse_6,ID_17527
house_21,Warehouse_7,ID_7144
house_21,Warehouse_7,ID_34013
house_21,Warehouse_7,ID_32850
house_21,Warehouse_7,ID_42728
house_21,Warehouse_7,ID_28358
house_21,Warehouse_7,ID_17899
house_22,Warehouse_1,ID_5689
house_22,Warehouse_1,ID_9550
house_22,Warehouse_1,ID_34939
house_22,Warehouse_1,ID_28617
house_22,Warehouse_1,ID_16529
house_22,Warehouse_1,ID_45206
house_22,Warehouse_1,ID_9711
house_22,Warehouse_2,ID_8021
house_22,Warehouse_2,ID_14157
house_22,Warehouse_2,ID_25652
house_22,Warehouse_2,ID_23045
house_22,Warehouse_2,ID_33646
house_22,Warehouse_2,ID_48117
house_22,Warehouse_3,ID_26548
house_22,Warehouse_3,ID_24056
house_22,Warehouse_3,ID_1032
house_22,Warehouse_3,ID_4111
house_22,Warehouse_3,ID_27869
house_22,Warehouse_3,ID_23005
house_22,Warehouse_4,ID_26170
house_22,Warehouse_4,ID_28059
house_22,Warehouse_4,ID_19188
house_22,Warehouse_4,ID_19329
house_22,Warehouse_5,ID_17427
house_22,Warehouse_5,ID_28544
house_22,Warehouse_5,ID_49276
house_22,Warehouse_5,ID_20143
house_22,Warehouse_5,ID_46970
house_22,Warehouse_5,ID_2879
house_22,Warehouse_6,ID_25273
house_22,Warehouse_6,ID_15722
house_22,Warehouse_6,ID_17527
house_22,Warehouse_7,ID_7144
house_22,Warehouse_7,ID_34013
house_22,Warehouse_7,ID_32850
house_22,Warehouse_7,ID_42728
house_22,Warehouse_7,ID_28358
house_22,Warehouse_7,ID_17899
house_23,Warehouse_1,ID_5689
house_23,Warehouse_1,ID_9550
house_23,Warehouse_1,ID_34939
house_23,Warehouse_1,ID_28617
house_23,Warehouse_1,ID_16529
house_23,Warehouse_1,ID_45206
house_23,Warehouse_1,ID_9711
house_23,Warehouse_2,ID_8021
house_23,Warehouse_2,ID_14157
house_23,Warehouse_2,ID_25652
house_23,Warehouse_2,ID_23045
house_23,Warehouse_2,ID_33646
house_23,Warehouse_2,ID_48117
house_23,Warehouse_3,ID_26548
house_23,Warehouse_3,ID_24056
house_23,Warehouse_3,ID_1032
house_23,Warehouse_3,ID_4111
house_23,Warehouse_3,ID_27869
house_23,Warehouse_3,ID_23005
house_23,Warehouse_4,ID_26170
house_23,Warehouse_4,ID_28059
house_23,Warehouse_4,ID_19188
house_23,Warehouse_4,ID_19329
house_23,Warehouse_5,ID_17427
house_23,Warehouse_5,ID_28544
house_23,Warehouse_5,ID_49276
house_23,Warehouse_5,ID_20143
house_23,Warehouse_5,ID_46970
house_23,Warehouse_5,ID_2879
house_23,Warehouse_6,ID_25273
house_23,Warehouse_6,ID_15722
house_23,Warehouse_6,ID_17527
house_23,Warehouse_7,ID_7144
house_23,Warehouse_7,ID_34013
house_23,Warehouse_7,ID_32850
house_23,Warehouse_7,ID_42728
house_23,Warehouse_7,ID_28358
house_23,Warehouse_7,ID_17899
house_24,Warehouse_1,ID_5689
house_24,Warehouse_1,ID_9550
house_24,Warehouse_1,ID_34939
house_24,Warehouse_1,ID_28617
house_24,Warehouse_1,ID_16529
house_24,Warehouse_1,ID_45206
house_24,Warehouse_1,ID_9711
house_24,Warehouse_2,ID_8021
house_24,Warehouse_2,ID_14157
house_24,Warehouse_2,ID_25652
house_24,Warehouse_2,ID_23045
house_24,Warehouse_2,ID_33646
house_24,Warehouse_2,ID_48117
house_24,Warehouse_3,ID_26548
house_24,Warehouse_3,ID_24056
house_24,Warehouse_3,ID_1032
house_24,Warehouse_3,ID_4111
house_24,Warehouse_3,ID_27869
house_24,Warehouse_3,ID_23005
house_24,Warehouse_4,ID_26170
house_24,Warehouse_4,ID_28059
house_24,Warehouse_4,ID_19188
house_24,Warehouse_4,ID_19329
house_24,Warehouse_5,ID_17427
house_24,Warehouse_5,ID_28544
house_24,Warehouse_5,ID_49276
house_24,Warehouse_5,ID_20143
house_24,Warehouse_5,ID_46970
house_24,Warehouse_5,ID_2879
house_24,Warehouse_6,ID_25273
house_24,Warehouse_6,ID_15722
house_24,Warehouse_6,ID_17527
house_24,Warehouse_7,ID_7144
house_24,Warehouse_7,ID_34013
house_24,Warehouse_7,ID_32850
house_24,Warehouse_7,ID_42728
house_24,Warehouse_7,ID_28358
house_24,Warehouse_7,ID_17899
house_25,Warehouse_1,ID_5689
house_25,Warehouse_1,ID_9550
house_25,Warehouse_1,ID_34939
house_25,Warehouse_1,ID_28617
house_25,Warehouse_1,ID_16529
house_25,Warehouse_1,ID_45206
house_25,Warehouse_1,ID_9711
house_25,Warehouse_2,ID_8021
house_25,Warehouse_2,ID_14157
house_25,Warehouse_2,ID_25652
house_25,Warehouse_2,ID_23045
house_25,Warehouse_2,ID_33646
house_25,Warehouse_2,ID_48117
house_25,Warehouse_3,ID_26548
house_25,Warehouse_3,ID_24056
house_25,Warehouse_3,ID_1032
house_25,Warehouse_3,ID_4111
house_25,Warehouse_3,ID_27869
house_25,Warehouse_3,ID_23005
house_25,Warehouse_4,ID_26170
house_25,Warehouse_4,ID_28059
house_25,Warehouse_4,ID_19188
house_25,Warehouse_4,ID_19329
house_25,Warehouse_5,ID_17427
house_25,Warehouse_5,ID_28544
house_25,Warehouse_5,ID_49276
house_25,Warehouse_5,ID_20143
house_25,Warehouse_5,ID_46970
house_25,Warehouse_5,ID_2879
house_25,Warehouse_6,ID_25273
house_25,Warehouse_6,ID_15722
house_25,Warehouse_6,ID_17527
house_25,Warehouse_7,ID_7144
house_25,Warehouse_7,ID_34013
house_25,Warehouse_7,ID_32850
house_25,Warehouse_7,ID_42728
house_25,Warehouse_7,ID_28358
house_25,Warehouse_7,ID_17899
house_26,Warehouse_1,ID_5689
house_26,Warehouse_1,ID_9550
house_26,Warehouse_1,ID_34939
house_26,Warehouse_1,ID_28617
house_26,Warehouse_1,ID_16529
house_26,Warehouse_1,ID_45206
house_26,Warehouse_1,ID_9711
house_26,Warehouse_2,ID_8021
house_26,Warehouse_2,ID_14157
house_26,Warehouse_2,ID_25652
house_26,Warehouse_2,ID_23045
house_26,Warehouse_2,ID_33646
house_26,Warehouse_2,ID_48117
house_26,Warehouse_3,ID_26548
house_26,Warehouse_3,ID_24056
house_26,Warehouse_3,ID_1032
house_26,Warehouse_3,ID_4111
house_26,Warehouse_3,ID_27869
house_26,Warehouse_3,ID_23005
house_26,Warehouse_4,ID_26170
house_26,Warehouse_4,ID_28059
house_26,Warehouse_4,ID_19188
house_26,Warehouse_4,ID_19329
house_26,Warehouse_5,ID_17427
house_26,Warehouse_5,ID_28544
house_26,Warehouse_5,ID_49276
house_26,Warehouse_5,ID_20143
house_26,Warehouse_5,ID_46970
house_26,Warehouse_5,ID_2879
house_26,Warehouse_6,ID_25273
house_26,Warehouse_6,ID_15722
house_26,Warehouse_6,ID_17527
house_26,Warehouse_7,ID_7144
house_26,Warehouse_7,ID_34013
house_26,Warehouse_7,ID_32850
house_26,Warehouse_7,ID_42728
house_26,Warehouse_7,ID_28358
house_26,Warehouse_7,ID_17899
house_27,Warehouse_1,ID_5689
house_27,Warehouse_1,ID_9550
house_27,Warehouse_1,ID_34939
house_27,Warehouse_1,ID_28617
house_27,Warehouse_1,ID_16529
house_27,Warehouse_1,ID_45206
house_27,Warehouse_1,ID_9711
house_27,Warehouse_2,ID_8021
house_27,Warehouse_2,ID_14157
house_27,Warehouse_2,ID_25652
house_27,Warehouse_2,ID_23045
house_27,Warehouse_2,ID_33646
house_27,Warehouse_2,ID_48117
house_27,Warehouse_3,ID_26548
house_27,Warehouse_3,ID_24056
house_27,Warehouse_3,ID_1032
house_27,Warehouse_3,ID_4111
house_27,Warehouse_3,ID_27869
house_27,Warehouse_3,ID_23005
house_27,Warehouse_4,ID_26170
house_27,Warehouse_4,ID_28059
house_27,Warehouse_4,ID_19188
house_27,Warehouse_4,ID_19329
house_27,Warehouse_5,ID_17427
house_27,Warehouse_5,ID_28544
house_27,Warehouse_5,ID_49276
house_27,Warehouse_5,ID_20143
house_27,Warehouse_5,ID_46970
house_27,Warehouse_5,ID_2879
house_27,Warehouse_6,ID_25273
house_27,Warehouse_6,ID_15722
house_27,Warehouse_6,ID_17527
house_27,Warehouse_7,ID_7144
house_27,Warehouse_7,ID_34013
house_27,Warehouse_7,ID_32850
house_27,Warehouse_7,ID_42728
house_27,Warehouse_7,ID_28358
house_27,Warehouse_7,ID_17899
house_28,Warehouse_1,ID_5689
house_28,Warehouse_1,ID_9550
house_28,Warehouse_1,ID_34939
house_28,Warehouse_1,ID_28617
house_28,Warehouse_1,ID_16529
house_28,Warehouse_1,ID_45206
house_28,Warehouse_1,ID_9711
house_28,Warehouse_2,ID_8021
house_28,Warehouse_2,ID_14157
house_28,Warehouse_2,ID_25652
house_28,Warehouse_2,ID_23045
house_28,Warehouse_2,ID_33646
house_28,Warehouse_2,ID_48117
house_28,Warehouse_3,ID_26548
house_28,Warehouse_3,ID_24056
house_28,Warehouse_3,ID_1032
house_28,Warehouse_3,ID_4111
house_28,Warehouse_3,ID_27869
house_28,Warehouse_3,ID_23005
house_28,Warehouse_4,ID_26170
house_28,Warehouse_4,ID_28059
house_28,Warehouse_4,ID_19188
house_28,Warehouse_4,ID_19329
house_28,Warehouse_5,ID_17427
house_28,Warehouse_5,ID_28544
house_28,Warehouse_5,ID_49276
house_28,Warehouse_5,ID_20143
house_28,Warehouse_5,ID_46970
house_28,Warehouse_5,ID_2879
house_28,Warehouse_6,ID_25273
house_28,Warehouse_6,ID_15722
house_28,Warehouse_6,ID_17527
house_28,Warehouse_7,ID_7144
house_28,Warehouse_7,ID_34013
house_28,Warehouse_7,ID_32850
house_28,Warehouse_7,ID_42728
house_28,Warehouse_7,ID_28358
house_28,Warehouse_7,ID_17899
house_29,Warehouse_1,ID_5689
house_29,Warehouse_1,ID_9550
house_29,Warehouse_1,ID_34939
house_29,Warehouse_1,ID_28617
house_29,Warehouse_1,ID_16529
house_29,Warehouse_1,ID_45206
house_29,Warehouse_1,ID_9711
house_29,Warehouse_2,ID_8021
house_29,Warehouse_2,ID_14157
house_29,Warehouse_2,ID_25652
house_29,Warehouse_2,ID_23045
house_29,Warehouse_2,ID_33646
house_29,Warehouse_2,ID_48117
house_29,Warehouse_3,ID_26548
house_29,Warehouse_3,ID_24056
house_29,Warehouse_3,ID_1032
house_29,Warehouse_3,ID_4111
house_29,Warehouse_3,ID_27869
house_29,Warehouse_3,ID_23005
house_29,Warehouse_4,ID_26170
house_29,Warehouse_4,ID_28059
house_29,Warehouse_4,ID_19188
house_29,Warehouse_4,ID_19329
house_29,Warehouse_5,ID_17427
house_29,Warehouse_5,ID_28544
house_29,Warehouse_5,ID_49276
house_29,Warehouse_5,ID_20143
house_29,Warehouse_5,ID_46970
house_29,Warehouse_5,ID_2879
house_29,Warehouse_6,ID_25273
house_29,Warehouse_6,ID_15722
house_29,Warehouse_6,ID_17527
house_29,Warehouse_7,ID_7144
house_29,Warehouse_7,ID_34013
house_29,Warehouse_7,ID_32850
house_29,Warehouse_7,ID_42728
house_29,Warehouse_7,ID_28358
house_29,Warehouse_7,ID_17899
house_30,Warehouse_1,ID_5689
house_30,Warehouse_1,ID_9550
house_30,Warehouse_1,ID_34939
house_30,Warehouse_1,ID_28617
house_30,Warehouse_1,ID_16529
house_30,Warehouse_1,ID_45206
house_30,Warehouse_1,ID_9711
house_30,Warehouse_2,ID_8021
house_30,Warehouse_2,ID_14157
house_30,Warehouse_2,ID_25652
house_30,Warehouse_2,ID_23045
house_30,Warehouse_2,ID_33646
house_30,Warehouse_2,ID_48117
house_30,Warehouse_3,ID_26548
house_30,Warehouse_3,ID_24056
house_30,Warehouse_3,ID_1032
house_30,Warehouse_3,ID_4111
house_30,Warehouse_3,ID_27869
house_30,Warehouse_3,ID_23005
house_30,Warehouse_4,ID_26170
house_30,Warehouse_4,ID_28059
house_30,Warehouse_4,ID_19188
house_30,Warehouse_4,ID_19329
house_30,Warehouse_5,ID_17427
house_30,Warehouse_5,ID_28544
house_30,Warehouse_5,ID_49276
house_30,Warehouse_5,ID_20143
house_30,Warehouse_5,ID_46970
house_30,Warehouse_5,ID_2879
house_30,Warehouse_6,ID_25273
house_30,Warehouse_6,ID_15722
house_30,Warehouse_6,ID_17527
house_30,Warehouse_7,ID_7144
house_30,Warehouse_7,ID_34013
house_30,Warehouse_7,ID_32850
house_30,Warehouse_7,ID_42728
house_30,Warehouse_7,ID_28358
house_30,Warehouse_7,ID_17899
house_31,Warehouse_1,ID_5689
house_31,Warehouse_1,ID_9550
house_31,Warehouse_1,ID_34939
house_31,Warehouse_1,ID_28617
house_31,Warehouse_1,ID_16529
house_31,Warehouse_1,ID_45206
house_31,Warehouse_1,ID_9711
house_31,Warehouse_2,ID_8021
house_31,Warehouse_2,ID_14157
house_31,Warehouse_2,ID_25652
house_31,Warehouse_2,ID_23045
house_31,Warehouse_2,ID_33646
house_31,Warehouse_2,ID_48117
house_31,Warehouse_3,ID_26548
house_31,Warehouse_3,ID_24056
house_31,Warehouse_3,ID_1032
house_31,Warehouse_3,ID_4111
house_31,Warehouse_3,ID_27869
house_31,Warehouse_3,ID_23005
house_31,Warehouse_4,ID_26170
house_31,Warehouse_4,ID_28059
house_31,Warehouse_4,ID_19188
house_31,Warehouse_4,ID_19329
house_31,Warehouse_5,ID_17427
house_31,Warehouse_5,ID_28544
house_31,Warehouse_5,ID_49276
house_31,Warehouse_5,ID_20143
house_31,Warehouse_5,ID_46970
house_31,Warehouse_5,ID_2879
house_31,Warehouse_6,ID_25273
house_31,Warehouse_6,ID_15722
house_31,Warehouse_6,ID_17527
house_31,Warehouse_7,ID_7144
house_31,Warehouse_7,ID_34013
house_31,Warehouse_7,ID_32850
house_31,Warehouse_7,ID_42728
house_31,Warehouse_7,ID_28358
house_31,Warehouse_7,ID_17899
house_32,Warehouse_1,ID_5689
house_32,Warehouse_1,ID_9550
house_32,Warehouse_1,ID_34939
house_32,Warehouse_1,ID_28617
house_32,Warehouse_1,ID_16529
house_32,Warehouse_1,ID_45206
house_32,Warehouse_1,ID_9711
house_32,Warehouse_2,ID_8021
house_32,Warehouse_2,ID_14157
house_32,Warehouse_2,ID_25652
house_32,Warehouse_2,ID_23045
house_32,Warehouse_2,ID_33646
house_32,Warehouse_2,ID_48117
house_32,Warehouse_3,ID_26548
house_32,Warehouse_3,ID_24056
house_32,Warehouse_3,ID_1032
house_32,Warehouse_3,ID_4111
house_32,Warehouse_3,ID_27869
house_32,Warehouse_3,ID_23005
house_32,Warehouse_4,ID_26170
house_32,Warehouse_4,ID_28059
house_32,Warehouse_4,ID_19188
house_32,Warehouse_4,ID_19329
house_32,Warehouse_5,ID_17427
house_32,Warehouse_5,ID_28544
house_32,Warehouse_5,ID_49276
house_32,Warehouse_5,ID_20143
house_32,Warehouse_5,ID_46970
house_32,Warehouse_5,ID_2879
house_32,Warehouse_6,ID_25273
house_32,Warehouse_6,ID_15722
house_32,Warehouse_6,ID_17527
house_32,Warehouse_7,ID_7144
house_32,Warehouse_7,ID_34013
house_32,Warehouse_7,ID_32850
house_32,Warehouse_7,ID_42728
house_32,Warehouse_7,ID_28358
house_32,Warehouse_7,ID_17899
house_33,Warehouse_1,ID_5689
house_33,Warehouse_1,ID_9550
house_33,Warehouse_1,ID_34939
house_33,Warehouse_1,ID_28617
house_33,Warehouse_1,ID_16529
house_33,Warehouse_1,ID_45206
house_33,Warehouse_1,ID_9711
house_33,Warehouse_2,ID_8021
house_33,Warehouse_2,ID_14157
house_33,Warehouse_2,ID_25652
house_33,Warehouse_2,ID_23045
house_33,Warehouse_2,ID_33646
house_33,Warehouse_2,ID_48117
house_33,Warehouse_3,ID_26548
house_33,Warehouse_3,ID_24056
house_33,Warehouse_3,ID_1032
house_33,Warehouse_3,ID_4111
house_33,Warehouse_3,ID_27869
house_33,Warehouse_3,ID_23005
house_33,Warehouse_4,ID_26170
house_33,Warehouse_4,ID_28059
house_33,Warehouse_4,ID_19188
house_33,Warehouse_4,ID_19329
house_33,Warehouse_5,ID_17427
house_33,Warehouse_5,ID_28544
house_33,Warehouse_5,ID_49276
house_33,Warehouse_5,ID_20143
house_33,Warehouse_5,ID_46970
house_33,Warehouse_5,ID_2879
house_33,Warehouse_6,ID_25273
house_33,Warehouse_6,ID_15722
house_33,Warehouse_6,ID_17527
house_33,Warehouse_7,ID_7144
house_33,Warehouse_7,ID_34013
house_33,Warehouse_7,ID_32850
house_33,Warehouse_7,ID_42728
house_33,Warehouse_7,ID_28358
house_33,Warehouse_7,ID_17899
house_34,Warehouse_1,ID_5689
house_34,Warehouse_1,ID_9550
house_34,Warehouse_1,ID_34939
house_34,Warehouse_1,ID_28617
house_34,Warehouse_1,ID_16529
house_34,Warehouse_1,ID_45206
house_34,Warehouse_1,ID_9711
house_34,Warehouse_2,ID_8021
house_34,Warehouse_2,ID_14157
house_34,Warehouse_2,ID_25652
house_34,Warehouse_2,ID_23045
house_34,Warehouse_2,ID_33646
house_34,Warehouse_2,ID_48117
house_34,Warehouse_3,ID_26548
house_34,Warehouse_3,ID_24056
house_34,Warehouse_3,ID_1032
house_34,Warehouse_3,ID_4111
house_34,Warehouse_3,ID_27869
house_34,Warehouse_3,ID_23005
house_34,Warehouse_4,ID_26170
house_34,Warehouse_4,ID_28059
house_34,Warehouse_4,ID_19188
house_34,Warehouse_4,ID_19329
house_34,Warehouse_5,ID_17427
house_34,Warehouse_5,ID_28544
house_34,Warehouse_5,ID_49276
house_34,Warehouse_5,ID_20143
house_34,Warehouse_5,ID_46970
house_34,Warehouse_5,ID_2879
house_34,Warehouse_6,ID_25273
house_34,Warehouse_6,ID_15722
house_34,Warehouse_6,ID_17527
house_34,Warehouse_7,ID_7144
house_34,Warehouse_7,ID_34013
house_34,Warehouse_7,ID_32850
house_34,Warehouse_7,ID_42728
house_34,Warehouse_7,ID_28358
house_34,Warehouse_7,ID_17899
house_35,Warehouse_1,ID_5689
house_35,Warehouse_1,ID_9550
house_35,Warehouse_1,ID_34939
house_35,Warehouse_1,ID_28617
house_35,Warehouse_1,ID_16529
house_35,Warehouse_1,ID_45206
house_35,Warehouse_1,ID_9711
house_35,Warehouse_2,ID_8021
house_35,Warehouse_2,ID_14157
house_35,Warehouse_2,ID_25652
house_35,Warehouse_2,ID_23045
house_35,Warehouse_2,ID_33646
house_35,Warehouse_2,ID_48117
house_35,Warehouse_3,ID_26548
house_35,Warehouse_3,ID_24056
house_35,Warehouse_3,ID_1032
house_35,Warehouse_3,ID_4111
house_35,Warehouse_3,ID_27869
house_35,Warehouse_3,ID_23005
house_35,Warehouse_4,ID_26170
house_35,Warehouse_4,ID_28059
house_35,Warehouse_4,ID_19188
house_35,Warehouse_4,ID_19329
house_35,Warehouse_5,ID_17427
house_35,Warehouse_5,ID_28544
house_35,Warehouse_5,ID_49276
house_35,Warehouse_5,ID_20143
house_35,Warehouse_5,ID_46970
house_35,Warehouse_5,ID_2879
house_35,Warehouse_6,ID_25273
house_35,Warehouse_6,ID_15722
house_35,Warehouse_6,ID_17527
house_35,Warehouse_7,ID_7144
house_35,Warehouse_7,ID_34013
house_35,Warehouse_7,ID_32850
house_35,Warehouse_7,ID_42728
house_35,Warehouse_7,ID_28358
house_35,Warehouse_7,ID_17899
house_36,Warehouse_1,ID_5689
house_36,Warehouse_1,ID_9550
house_36,Warehouse_1,ID_34939
house_36,Warehouse_1,ID_28617
house_36,Warehouse_1,ID_16529
house_36,Warehouse_1,ID_45206
house_36,Warehouse_1,ID_9711
house_36,Warehouse_2,ID_8021
house_36,Warehouse_2,ID_14157
house_36,Warehouse_2,ID_25652
house_36,Warehouse_2,ID_23045
house_36,Warehouse_2,ID_33646
house_36,Warehouse_2,ID_48117
house_36,Warehouse_3,ID_26548
house_36,Warehouse_3,ID_24056
house_36,Warehouse_3,ID_1032
house_36,Warehouse_3,ID_4111
house_36,Warehouse_3,ID_27869
house_36,Warehouse_3,ID_23005
house_36,Warehouse_4,ID_26170
house_36,Warehouse_4,ID_28059
house_36,Warehouse_4,ID_19188
house_36,Warehouse_4,ID_19329
house_36,Warehouse_5,ID_17427
house_36,Warehouse_5,ID_28544
house_36,Warehouse_5,ID_49276
house_36,Warehouse_5,ID_20143
house_36,Warehouse_5,ID_46970
house_36,Warehouse_5,ID_2879
house_36,Warehouse_6,ID_25273
house_36,Warehouse_6,ID_15722
house_36,Warehouse_6,ID_17527
house_36,Warehouse_7,ID_7144
house_36,Warehouse_7,ID_34013
house_36,Warehouse_7,ID_32850
house_36,Warehouse_7,ID_42728
house_36,Warehouse_7,ID_28358
house_36,Warehouse_7,ID_17899
house_37,Warehouse_1,ID_5689
house_37,Warehouse_1,ID_9550
house_37,Warehouse_1,ID_34939
house_37,Warehouse_1,ID_28617
house_37,Warehouse_1,ID_16529
house_37,Warehouse_1,ID_45206
house_37,Warehouse_1,ID_9711
house_37,Warehouse_2,ID_8021
house_37,Warehouse_2,ID_14157
house_37,Warehouse_2,ID_25652
house_37,Warehouse_2,ID_23045
house_37,Warehouse_2,ID_33646
house_37,Warehouse_2,ID_48117
house_37,Warehouse_3,ID_26548
house_37,Warehouse_3,ID_24056
house_37,Warehouse_3,ID_1032
house_37,Warehouse_3,ID_4111
house_37,Warehouse_3,ID_27869
house_37,Warehouse_3,ID_23005
house_37,Warehouse_4,ID_26170
house_37,Warehouse_4,ID_28059
house_37,Warehouse_4,ID_19188
house_37,Warehouse_4,ID_19329
house_37,Warehouse_5,ID_17427
house_37,Warehouse_5,ID_28544
house_37,Warehouse_5,ID_49276
house_37,Warehouse_5,ID_20143
house_37,Warehouse_5,ID_46970
house_37,Warehouse_5,ID_2879
house_37,Warehouse_6,ID_25273
house_37,Warehouse_6,ID_15722
house_37,Warehouse_6,ID_17527
house_37,Warehouse_7,ID_7144
house_37,Warehouse_7,ID_34013
house_37,Warehouse_7,ID_32850
house_37,Warehouse_7,ID_42728
house_37,Warehouse_7,ID_28358
house_37,Warehouse_7,ID_17899
house_38,Warehouse_1,ID_5689
house_38,Warehouse_1,ID_9550
house_38,Warehouse_1,ID_34939
house_38,Warehouse_1,ID_28617
house_38,Warehouse_1,ID_16529
house_38,Warehouse_1,ID_45206
house_38,Warehouse_1,ID_9711
house_38,Warehouse_2,ID_8021
house_38,Warehouse_2,ID_14157
house_38,Warehouse_2,ID_25652
house_38,Warehouse_2,ID_23045
house_38,Warehouse_2,ID_33646
house_38,Warehouse_2,ID_48117
house_38,Warehouse_3,ID_26548
house_38,Warehouse_3,ID_24056
house_38,Warehouse_3,ID_1032
house_38,Warehouse_3,ID_4111
house_38,Warehouse_3,ID_27869
house_38,Warehouse_3,ID_23005
house_38,Warehouse_4,ID_26170
house_38,Warehouse_4,ID_28059
house_38,Warehouse_4,ID_19188
house_38,Warehouse_4,ID_19329
house_38,Warehouse_5,ID_17427
house_38,Warehouse_5,ID_28544
house_38,Warehouse_5,ID_49276
house_38,Warehouse_5,ID_20143
house_38,Warehouse_5,ID_46970
house_38,Warehouse_5,ID_2879
house_38,Warehouse_6,ID_25273
house_38,Warehouse_6,ID_15722
house_38,Warehouse_6,ID_17527
house_38,Warehouse_7,ID_7144
house_38,Warehouse_7,ID_34013
house_38,Warehouse_7,ID_32850
house_38,Warehouse_7,ID_42728
house_38,Warehouse_7,ID_28358
house_38,Warehouse_7,ID_17899
house_39,Warehouse_1,ID_5689
house_39,Warehouse_1,ID_9550
house_39,Warehouse_1,ID_34939
house_39,Warehouse_1,ID_28617
house_39,Warehouse_1,ID_16529
house_39,Warehouse_1,ID_45206
house_39,Warehouse_1,ID_9711
house_39,Warehouse_2,ID_8021
house_39,Warehouse_2,ID_14157
house_39,Warehouse_2,ID_25652
house_39,Warehouse_2,ID_23045
house_39,Warehouse_2,ID_33646
house_39,Warehouse_2,ID_48117
house_39,Warehouse_3,ID_26548
house_39,Warehouse_3,ID_24056
house_39,Warehouse_3,ID_1032
house_39,Warehouse_3,ID_4111
house_39,Warehouse_3,ID_27869
house_39,Warehouse_3,ID_23005
house_39,Warehouse_4,ID_26170
house_39,Warehouse_4,ID_28059
house_39,Warehouse_4,ID_19188
house_39,Warehouse_4,ID_19329
house_39,Warehouse_5,ID_17427
house_39,Warehouse_5,ID_28544
house_39,Warehouse_5,ID_49276
house_39,Warehouse_5,ID_20143
house_39,Warehouse_5,ID_46970
house_39,Warehouse_5,ID_2879
house_39,Warehouse_6,ID_25273
house_39,Warehouse_6,ID_15722
house_39,Warehouse_6,ID_17527
house_39,Warehouse_7,ID_7144
house_39,Warehouse_7,ID_34013
house_39,Warehouse_7,ID_32850
house_39,Warehouse_7,ID_42728
house_39,Warehouse_7,ID_28358
house_39,Warehouse_7,ID_17899
house_40,Warehouse_1,ID_5689
house_40,Warehouse_1,ID_9550
house_40,Warehouse_1,ID_34939
house_40,Warehouse_1,ID_28617
house_40,Warehouse_1,ID_16529
house_40,Warehouse_1,ID_45206
house_40,Warehouse_1,ID_9711
house_40,Warehouse_2,ID_8021
house_40,Warehouse_2,ID_14157
house_40,Warehouse_2,ID_25652
house_40,Warehouse_2,ID_23045
house_40,Warehouse_2,ID_33646
house_40,Warehouse_2,ID_48117
house_40,Warehouse_3,ID_26548
house_40,Warehouse_3,ID_24056
house_40,Warehouse_3,ID_1032
house_40,Warehouse_3,ID_4111
house_40,Warehouse_3,ID_27869
house_40,Warehouse_3,ID_23005
house_40,Warehouse_4,ID_26170
house_40,Warehouse_4,ID_28059
house_40,Warehouse_4,ID_19188
house_40,Warehouse_4,ID_19329
house_40,Warehouse_5,ID_17427
house_40,Warehouse_5,ID_28544
house_40,Warehouse_5,ID_49276
house_40,Warehouse_5,ID_20143
house_40,Warehouse_5,ID_46970
house_40,Warehouse_5,ID_2879
house_40,Warehouse_6,ID_25273
house_40,Warehouse_6,ID_15722
house_40,Warehouse_6,ID_17527
house_40,Warehouse_7,ID_7144
house_40,Warehouse_7,ID_34013
house_40,Warehouse_7,ID_32850
house_40,Warehouse_7,ID_42728
house_40,Warehouse_7,ID_28358
house_40,Warehouse_7,ID_17899
house_41,Warehouse_1,ID_5689
house_41,Warehouse_1,ID_9550
house_41,Warehouse_1,ID_34939
house_41,Warehouse_1,ID_28617
house_41,Warehouse_1,ID_16529
house_41,Warehouse_1,ID_45206
house_41,Warehouse_1,ID_9711
house_41,Warehouse_2,ID_8021
house_41,Warehouse_2,ID_14157
house_41,Warehouse_2,ID_25652
house_41,Warehouse_2,ID_23045
house_41,Warehouse_2,ID_33646
house_41,Warehouse_2,ID_48117
house_41,Warehouse_3,ID_26548
house_41,Warehouse_3,ID_24056
house_41,Warehouse_3,ID_1032
house_41,Warehouse_3,ID_4111
house_41,Warehouse_3,ID_27869
house_41,Warehouse_3,ID_23005
house_41,Warehouse_4,ID_26170
house_41,Warehouse_4,ID_28059
house_41,Warehouse_4,ID_19188
house_41,Warehouse_4,ID_19329
house_41,Warehouse_5,ID_17427
house_41,Warehouse_5,ID_28544
house_41,Warehouse_5,ID_49276
house_41,Warehouse_5,ID_20143
house_41,Warehouse_5,ID_46970
house_41,Warehouse_5,ID_2879
house_41,Warehouse_6,ID_25273
house_41,Warehouse_6,ID_15722
house_41,Warehouse_6,ID_17527
house_41,Warehouse_7,ID_7144
house_41,Warehouse_7,ID_34013
house_41,Warehouse_7,ID_32850
house_41,Warehouse_7,ID_42728
house_41,Warehouse_7,ID_28358
house_41,Warehouse_7,ID_17899
house_42,Warehouse_1,ID_5689
house_42,Warehouse_1,ID_9550
house_42,Warehouse_1,ID_34939
house_42,Warehouse_1,ID_28617
house_42,Warehouse_1,ID_16529
house_42,Warehouse_1,ID_45206
house_42,Warehouse_1,ID_9711
house_42,Warehouse_2,ID_8021
house_42,Warehouse_2,ID_14157
house_42,Warehouse_2,ID_25652
house_42,Warehouse_2,ID_23045
house_42,Warehouse_2,ID_33646
house_42,Warehouse_2,ID_48117
house_42,Warehouse_3,ID_26548
house_42,Warehouse_3,ID_24056
house_42,Warehouse_3,ID_1032
house_42,Warehouse_3,ID_4111
house_42,Warehouse_3,ID_27869
house_42,Warehouse_3,ID_23005
house_42,Warehouse_4,ID_26170
house_42,Warehouse_4,ID_28059
house_42,Warehouse_4,ID_19188
house_42,Warehouse_4,ID_19329
house_42,Warehouse_5,ID_17427
house_42,Warehouse_5,ID_28544
house_42,Warehouse_5,ID_49276
house_42,Warehouse_5,ID_20143
house_42,Warehouse_5,ID_46970
house_42,Warehouse_5,ID_2879
house_42,Warehouse_6,ID_25273
house_42,Warehouse_6,ID_15722
house_42,Warehouse_6,ID_17527
house_42,Warehouse_7,ID_7144
house_42,Warehouse_7,ID_34013
house_42,Warehouse_7,ID_32850
house_42,Warehouse_7,ID_42728
house_42,Warehouse_7,ID_28358
house_42,Warehouse_7,ID_17899
house_43,Warehouse_1,ID_5689
house_43,Warehouse_1,ID_9550
house_43,Warehouse_1,ID_34939
house_43,Warehouse_1,ID_28617
house_43,Warehouse_1,ID_16529
house_43,Warehouse_1,ID_45206
house_43,Warehouse_1,ID_9711
house_43,Warehouse_2,ID_8021
house_43,Warehouse_2,ID_14157
house_43,Warehouse_2,ID_25652
house_43,Warehouse_2,ID_23045
house_43,Warehouse_2,ID_33646
house_43,Warehouse_2,ID_48117
house_43,Warehouse_3,ID_26548
house_43,Warehouse_3,ID_24056
house_43,Warehouse_3,ID_1032
house_43,Warehouse_3,ID_4111
house_43,Warehouse_3,ID_27869
house_43,Warehouse_3,ID_23005
house_43,Warehouse_4,ID_26170
house_43,Warehouse_4,ID_28059
house_43,Warehouse_4,ID_19188
house_43,Warehouse_4,ID_19329
house_43,Warehouse_5,ID_17427
house_43,Warehouse_5,ID_28544
house_43,Warehouse_5,ID_49276
house_43,Warehouse_5,ID_20143
house_43,Warehouse_5,ID_46970
house_43,Warehouse_5,ID_2879
house_43,Warehouse_6,ID_25273
house_43,Warehouse_6,ID_15722
house_43,Warehouse_6,ID_17527
house_43,Warehouse_7,ID_7144
house_43,Warehouse_7,ID_34013
house_43,Warehouse_7,ID_32850
house_43,Warehouse_7,ID_42728
house_43,Warehouse_7,ID_28358
house_43,Warehouse_7,ID_17899
house_44,Warehouse_1,ID_5689
house_44,Warehouse_1,ID_9550
house_44,Warehouse_1,ID_34939
house_44,Warehouse_1,ID_28617
house_44,Warehouse_1,ID_16529
house_44,Warehouse_1,ID_45206
house_44,Warehouse_1,ID_9711
house_44,Warehouse_2,ID_8021
house_44,Warehouse_2,ID_14157
house_44,Warehouse_2,ID_25652
house_44,Warehouse_2,ID_23045
house_44,Warehouse_2,ID_33646
house_44,Warehouse_2,ID_48117
house_44,Warehouse_3,ID_26548
house_44,Warehouse_3,ID_24056
house_44,Warehouse_3,ID_1032
house_44,Warehouse_3,ID_4111
house_44,Warehouse_3,ID_27869
house_44,Warehouse_3,ID_23005
house_44,Warehouse_4,ID_26170
house_44,Warehouse_4,ID_28059
house_44,Warehouse_4,ID_19188
house_44,Warehouse_4,ID_19329
house_44,Warehouse_5,ID_17427
house_44,Warehouse_5,ID_28544
house_44,Warehouse_5,ID_49276
house_44,Warehouse_5,ID_20143
house_44,Warehouse_5,ID_46970
house_44,Warehouse_5,ID_2879
house_44,Warehouse_6,ID_25273
house_44,Warehouse_6,ID_15722
house_44,Warehouse_6,ID_17527
house_44,Warehouse_7,ID_7144
house_44,Warehouse_7,ID_34013
house_44,Warehouse_7,ID_32850
house_44,Warehouse_7,ID_42728
house_44,Warehouse_7,ID_28358
house_44,Warehouse_7,ID_17899
house_45,Warehouse_1,ID_5689
house_45,Warehouse_1,ID_9550
house_45,Warehouse_1,ID_34939
house_45,Warehouse_1,ID_28617
house_45,Warehouse_1,ID_16529
house_45,Warehouse_1,ID_45206
house_45,Warehouse_1,ID_9711
house_45,Warehouse_2,ID_8021
house_45,Warehouse_2,ID_14157
house_45,Warehouse_2,ID_25652
house_45,Warehouse_2,ID_23045
house_45,Warehouse_2,ID_33646
house_45,Warehouse_2,ID_48117
house_45,Warehouse_3,ID_26548
house_45,Warehouse_3,ID_24056
house_45,Warehouse_3,ID_1032
house_45,Warehouse_3,ID_4111
house_45,Warehouse_3,ID_27869
house_45,Warehouse_3,ID_23005
house_45,Warehouse_4,ID_26170
house_45,Warehouse_4,ID_28059
house_45,Warehouse_4,ID_19188
house_45,Warehouse_4,ID_19329
house_45,Warehouse_5,ID_17427
house_45,Warehouse_5,ID_28544
house_45,Warehouse_5,ID_49276
house_45,Warehouse_5,ID_20143
house_45,Warehouse_5,ID_46970
house_45,Warehouse_5,ID_2879
house_45,Warehouse_6,ID_25273
house_45,Warehouse_6,ID_15722
house_45,Warehouse_6,ID_17527
house_45,Warehouse_7,ID_7144
house_45,Warehouse_7,ID_34013
house_45,Warehouse_7,ID_32850
house_45,Warehouse_7,ID_42728
house_45,Warehouse_7,ID_28358
house_45,Warehouse_7,ID_17899
house_46,Warehouse_1,ID_5689
house_46,Warehouse_1,ID_9550
house_46,Warehouse_1,ID_34939
house_46,Warehouse_1,ID_28617
house_46,Warehouse_1,ID_16529
house_46,Warehouse_1,ID_45206
house_46,Warehouse_1,ID_9711
house_46,Warehouse_2,ID_8021
house_46,Warehouse_2,ID_14157
house_46,Warehouse_2,ID_25652
house_46,Warehouse_2,ID_23045
house_46,Warehouse_2,ID_33646
house_46,Warehouse_2,ID_48117
house_46,Warehouse_3,ID_26548
house_46,Warehouse_3,ID_24056
house_46,Warehouse_3,ID_1032
house_46,Warehouse_3,ID_4111
house_46,Warehouse_3,ID_27869
house_46,Warehouse_3,ID_23005
house_46,Warehouse_4,ID_26170
house_46,Warehouse_4,ID_28059
house_46,Warehouse_4,ID_19188
house_46,Warehouse_4,ID_19329
house_46,Warehouse_5,ID_17427
house_46,Warehouse_5,ID_28544
house_46,Warehouse_5,ID_49276
house_46,Warehouse_5,ID_20143
house_46,Warehouse_5,ID_46970
house_46,Warehouse_5,ID_2879
house_46,Warehouse_6,ID_25273
house_46,Warehouse_6,ID_15722
house_46,Warehouse_6,ID_17527
house_46,Warehouse_7,ID_7144
house_46,Warehouse_7,ID_34013
house_46,Warehouse_7,ID_32850
house_46,Warehouse_7,ID_42728
house_46,Warehouse_7,ID_28358
house_46,Warehouse_7,ID_17899
house_47,Warehouse_1,ID_5689
house_47,Warehouse_1,ID_9550
house_47,Warehouse_1,ID_34939
house_47,Warehouse_1,ID_28617
house_47,Warehouse_1,ID_16529
house_47,Warehouse_1,ID_45206
house_47,Warehouse_1,ID_9711
house_47,Warehouse_2,ID_8021
house_47,Warehouse_2,ID_14157
house_47,Warehouse_2,ID_25652
house_47,Warehouse_2,ID_23045
house_47,Warehouse_2,ID_33646
house_47,Warehouse_2,ID_48117
house_47,Warehouse_3,ID_26548
house_47,Warehouse_3,ID_24056
house_47,Warehouse_3,ID_1032
house_47,Warehouse_3,ID_4111
house_47,Warehouse_3,ID_27869
house_47,Warehouse_3,ID_23005
house_47,Warehouse_4,ID_26170
house_47,Warehouse_4,ID_28059
house_47,Warehouse_4,ID_19188
house_47,Warehouse_4,ID_19329
house_47,Warehouse_5,ID_17427
house_47,Warehouse_5,ID_28544
house_47,Warehouse_5,ID_49276
house_47,Warehouse_5,ID_20143
house_47,Warehouse_5,ID_46970
house_47,Warehouse_5,ID_2879
house_47,Warehouse_6,ID_25273
house_47,Warehouse_6,ID_15722
house_47,Warehouse_6,ID_17527
house_47,Warehouse_7,ID_7144
house_47,Warehouse_7,ID_34013
house_47,Warehouse_7,ID_32850
house_47,Warehouse_7,ID_42728
house_47,Warehouse_7,ID_28358
house_47,Warehouse_7,ID_17899
house_48,Warehouse_1,ID_5689
house_48,Warehouse_1,ID_9550
house_48,Warehouse_1,ID_34939
house_48,Warehouse_1,ID_28617
house_48,Warehouse_1,ID_16529
house_48,Warehouse_1,ID_45206
house_48,Warehouse_1,ID_9711
house_48,Warehouse_2,ID_8021
house_48,Warehouse_2,ID_14157
house_48,Warehouse_2,ID_25652
house_48,Warehouse_2,ID_23045
house_48,Warehouse_2,ID_33646
house_48,Warehouse_2,ID_48117
house_48,Warehouse_3,ID_26548
house_48,Warehouse_3,ID_24056
house_48,Warehouse_3,ID_1032
house_48,Warehouse_3,ID_4111
house_48,Warehouse_3,ID_27869
house_48,Warehouse_3,ID_23005
house_48,Warehouse_4,ID_26170
house_48,Warehouse_4,ID_28059
house_48,Warehouse_4,ID_19188
house_48,Warehouse_4,ID_19329
house_48,Warehouse_5,ID_17427
house_48,Warehouse_5,ID_28544
house_48,Warehouse_5,ID_49276
house_48,Warehouse_5,ID_20143
house_48,Warehouse_5,ID_46970
house_48,Warehouse_5,ID_2879
house_48,Warehouse_6,ID_25273
house_48,Warehouse_6,ID_15722
house_48,Warehouse_6,ID_17527
house_48,Warehouse_7,ID_7144
house_48,Warehouse_7,ID_34013
house_48,Warehouse_7,ID_32850
house_48,Warehouse_7,ID_42728
house_48,Warehouse_7,ID_28358
house_48,Warehouse_7,ID_17899
house_49,Warehouse_1,ID_5689
house_49,Warehouse_1,ID_9550
house_49,Warehouse_1,ID_34939
house_49,Warehouse_1,ID_28617
house_49,Warehouse_1,ID_16529
house_49,Warehouse_1,ID_45206
house_49,Warehouse_1,ID_9711
house_49,Warehouse_2,ID_8021
house_49,Warehouse_2,ID_14157
house_49,Warehouse_2,ID_25652
house_49,Warehouse_2,ID_23045
house_49,Warehouse_2,ID_33646
house_49,Warehouse_2,ID_48117
house_49,Warehouse_3,ID_26548
house_49,Warehouse_3,ID_24056
house_49,Warehouse_3,ID_1032
house_49,Warehouse_3,ID_4111
house_49,Warehouse_3,ID_27869
house_49,Warehouse_3,ID_23005
house_49,Warehouse_4,ID_26170
house_49,Warehouse_4,ID_28059
house_49,Warehouse_4,ID_19188
house_49,Warehouse_4,ID_19329
house_49,Warehouse_5,ID_17427
house_49,Warehouse_5,ID_28544
house_49,Warehouse_5,ID_49276
house_49,Warehouse_5,ID_20143
house_49,Warehouse_5,ID_46970
house_49,Warehouse_5,ID_2879
house_49,Warehouse_6,ID_25273
house_49,Warehouse_6,ID_15722
house_49,Warehouse_6,ID_17527
house_49,Warehouse_7,ID_7144
house_49,Warehouse_7,ID_34013
house_49,Warehouse_7,ID_32850
house_49,Warehouse_7,ID_42728
house_49,Warehouse_7,ID_28358
house_49,Warehouse_7,ID_17899
house_50,Warehouse_1,ID_5689
house_50,Warehouse_1,ID_9550
house_50,Warehouse_1,ID_34939
house_50,Warehouse_1,ID_28617
house_50,Warehouse_1,ID_16529
house_50,Warehouse_1,ID_45206
house_50,Warehouse_1,ID_9711
house_50,Warehouse_2,ID_8021
house_50,Warehouse_2,ID_14157
house_50,Warehouse_2,ID_25652
house_50,Warehouse_2,ID_23045
house_50,Warehouse_2,ID_33646
house_50,Warehouse_2,ID_48117
house_50,Warehouse_3,ID_26548
house_50,Warehouse_3,ID_24056
house_50,Warehouse_3,ID_1032
house_50,Warehouse_3,ID_4111
house_50,Warehouse_3,ID_27869
house_50,Warehouse_3,ID_23005
house_50,Warehouse_4,ID_26170
house_50,Warehouse_4,ID_28059
house_50,Warehouse_4,ID_19188
house_50,Warehouse_4,ID_19329
house_50,Warehouse_5,ID_17427
house_50,Warehouse_5,ID_28544
house_50,Warehouse_5,ID_49276
house_50,Warehouse_5,ID_20143
house_50,Warehouse_5,ID_46970
house_50,Warehouse_5,ID_2879
house_50,Warehouse_6,ID_25273
house_50,Warehouse_6,ID_15722
house_50,Warehouse_6,ID_17527
house_50,Warehouse_7,ID_7144
house_50,Warehouse_7,ID_34013
house_50,Warehouse_7,ID_32850
house_50,Warehouse_7,ID_42728
house_50,Warehouse_7,ID_28358
house_50,Warehouse_7,ID_17899
house_51,Warehouse_1,ID_5689
house_51,Warehouse_1,ID_9550
house_51,Warehouse_1,ID_34939
house_51,Warehouse_1,ID_28617
house_51,Warehouse_1,ID_16529
house_51,Warehouse_1,ID_45206
house_51,Warehouse_1,ID_9711
house_51,Warehouse_2,ID_8021
house_51,Warehouse_2,ID_14157
house_51,Warehouse_2,ID_25652
house_51,Warehouse_2,ID_23045
house_51,Warehouse_2,ID_33646
house_51,Warehouse_2,ID_48117
house_51,Warehouse_3,ID_26548
house_51,Warehouse_3,ID_24056
house_51,Warehouse_3,ID_1032
house_51,Warehouse_3,ID_4111
house_51,Warehouse_3,ID_27869
house_51,Warehouse_3,ID_23005
house_51,Warehouse_4,ID_26170
house_51,Warehouse_4,ID_28059
house_51,Warehouse_4,ID_19188
house_51,Warehouse_4,ID_19329
house_51,Warehouse_5,ID_17427
house_51,Warehouse_5,ID_28544
house_51,Warehouse_5,ID_49276
house_51,Warehouse_5,ID_20143
house_51,Warehouse_5,ID_46970
house_51,Warehouse_5,ID_2879
house_51,Warehouse_6,ID_25273
house_51,Warehouse_6,ID_15722
house_51,Warehouse_6,ID_17527
house_51,Warehouse_7,ID_7144
house_51,Warehouse_7,ID_34013
house_51,Warehouse_7,ID_32850
house_51,Warehouse_7,ID_42728
house_51,Warehouse_7,ID_28358
house_51,Warehouse_7,ID_17899
house_52,Warehouse_1,ID_5689
house_52,Warehouse_1,ID_9550
house_52,Warehouse_1,ID_34939
house_52,Warehouse_1,ID_28617
house_52,Warehouse_1,ID_16529
house_52,Warehouse_1,ID_45206
house_52,Warehouse_1,ID_9711
house_52,Warehouse_2,ID_8021
house_52,Warehouse_2,ID_14157
house_52,Warehouse_2,ID_25652
house_52,Warehouse_2,ID_23045
house_52,Warehouse_2,ID_33646
house_52,Warehouse_2,ID_48117
house_52,Warehouse_3,ID_26548
house_52,Warehouse_3,ID_24056
house_52,Warehouse_3,ID_1032
house_52,Warehouse_3,ID_4111
house_52,Warehouse_3,ID_27869
house_52,Warehouse_3,ID_23005
house_52,Warehouse_4,ID_26170
house_52,Warehouse_4,ID_28059
house_52,Warehouse_4,ID_19188
house_52,Warehouse_4,ID_19329
house_52,Warehouse_5,ID_17427
house_52,Warehouse_5,ID_28544
house_52,Warehouse_5,ID_49276
house_52,Warehouse_5,ID_20143
house_52,Warehouse_5,ID_46970
house_52,Warehouse_5,ID_2879
house_52,Warehouse_6,ID_25273
house_52,Warehouse_6,ID_15722
house_52,Warehouse_6,ID_17527
house_52,Warehouse_7,ID_7144
house_52,Warehouse_7,ID_34013
house_52,Warehouse_7,ID_32850
house_52,Warehouse_7,ID_42728
house_52,Warehouse_7,ID_28358
house_52,Warehouse_7,ID_17899
house_53,Warehouse_1,ID_5689
house_53,Warehouse_1,ID_9550
house_53,Warehouse_1,ID_34939
house_53,Warehouse_1,ID_28617
house_53,Warehouse_1,ID_16529
house_53,Warehouse_1,ID_45206
house_53,Warehouse_1,ID_9711
house_53,Warehouse_2,ID_8021
house_53,Warehouse_2,ID_14157
house_53,Warehouse_2,ID_25652
house_53,Warehouse_2,ID_23045
house_53,Warehouse_2,ID_33646
house_53,Warehouse_2,ID_48117
house_53,Warehouse_3,ID_26548
house_53,Warehouse_3,ID_24056
house_53,Warehouse_3,ID_1032
house_53,Warehouse_3,ID_4111
house_53,Warehouse_3,ID_27869
house_53,Warehouse_3,ID_23005
house_53,Warehouse_4,ID_26170
house_53,Warehouse_4,ID_28059
house_53,Warehouse_4,ID_19188
house_53,Warehouse_4,ID_19329
house_53,Warehouse_5,ID_17427
house_53,Warehouse_5,ID_28544
house_53,Warehouse_5,ID_49276
house_53,Warehouse_5,ID_20143
house_53,Warehouse_5,ID_46970
house_53,Warehouse_5,ID_2879
house_53,Warehouse_6,ID_25273
house_53,Warehouse_6,ID_15722
house_53,Warehouse_6,ID_17527
house_53,Warehouse_7,ID_7144
house_53,Warehouse_7,ID_34013
house_53,Warehouse_7,ID_32850
house_53,Warehouse_7,ID_42728
house_53,Warehouse_7,ID_28358
house_53,Warehouse_7,ID_17899
house_54,Warehouse_1,ID_5689
house_54,Warehouse_1,ID_9550
house_54,Warehouse_1,ID_34939
house_54,Warehouse_1,ID_28617
house_54,Warehouse_1,ID_16529
house_54,Warehouse_1,ID_45206
house_54,Warehouse_1,ID_9711
house_54,Warehouse_2,ID_8021
house_54,Warehouse_2,ID_14157
house_54,Warehouse_2,ID_25652
house_54,Warehouse_2,ID_23045
house_54,Warehouse_2,ID_33646
house_54,Warehouse_2,ID_48117
house_54,Warehouse_3,ID_26548
house_54,Warehouse_3,ID_24056
house_54,Warehouse_3,ID_1032
house_54,Warehouse_3,ID_4111
house_54,Warehouse_3,ID_27869
house_54,Warehouse_3,ID_23005
house_54,Warehouse_4,ID_26170
house_54,Warehouse_4,ID_28059
house_54,Warehouse_4,ID_19188
house_54,Warehouse_4,ID_19329
house_54,Warehouse_5,ID_17427
house_54,Warehouse_5,ID_28544
house_54,Warehouse_5,ID_49276
house_54,Warehouse_5,ID_20143
house_54,Warehouse_5,ID_46970
house_54,Warehouse_5,ID_2879
house_54,Warehouse_6,ID_25273
house_54,Warehouse_6,ID_15722
house_54,Warehouse_6,ID_17527
house_54,Warehouse_7,ID_7144
house_54,Warehouse_7,ID_34013
house_54,Warehouse_7,ID_32850
house_54,Warehouse_7,ID_42728
house_54,Warehouse_7,ID_28358
house_54,Warehouse_7,ID_17899
house_55,Warehouse_1,ID_5689
house_55,Warehouse_1,ID_9550
house_55,Warehouse_1,ID_34939
house_55,Warehouse_1,ID_28617
house_55,Warehouse_1,ID_16529
house_55,Warehouse_1,ID_45206
house_55,Warehouse_1,ID_9711
house_55,Warehouse_2,ID_8021
house_55,Warehouse_2,ID_14157
house_55,Warehouse_2,ID_25652
house_55,Warehouse_2,ID_23045
house_55,Warehouse_2,ID_33646
house_55,Warehouse_2,ID_48117
house_55,Warehouse_3,ID_26548
house_55,Warehouse_3,ID_24056
house_55,Warehouse_3,ID_1032
house_55,Warehouse_3,ID_4111
house_55,Warehouse_3,ID_27869
house_55,Warehouse_3,ID_23005
house_55,Warehouse_4,ID_26170
house_55,Warehouse_4,ID_28059
house_55,Warehouse_4,ID_19188
house_55,Warehouse_4,ID_19329
house_55,Warehouse_5,ID_17427
house_55,Warehouse_5,ID_28544
house_55,Warehouse_5,ID_49276
house_55,Warehouse_5,ID_20143
house_55,Warehouse_5,ID_46970
house_55,Warehouse_5,ID_2879
house_55,Warehouse_6,ID_25273
house_55,Warehouse_6,ID_15722
house_55,Warehouse_6,ID_17527
house_55,Warehouse_7,ID_7144
house_55,Warehouse_7,ID_34013
house_55,Warehouse_7,ID_32850
house_55,Warehouse_7,ID_42728
house_55,Warehouse_7,ID_28358
house_55,Warehouse_7,ID_17899
house_56,Warehouse_1,ID_5689
house_56,Warehouse_1,ID_9550
house_56,Warehouse_1,ID_34939
house_56,Warehouse_1,ID_28617
house_56,Warehouse_1,ID_16529
house_56,Warehouse_1,ID_45206
house_56,Warehouse_1,ID_9711
house_56,Warehouse_2,ID_8021
house_56,Warehouse_2,ID_14157
house_56,Warehouse_2,ID_25652
house_56,Warehouse_2,ID_23045
house_56,Warehouse_2,ID_33646
house_56,Warehouse_2,ID_48117
house_56,Warehouse_3,ID_26548
house_56,Warehouse_3,ID_24056
house_56,Warehouse_3,ID_1032
house_56,Warehouse_3,ID_4111
house_56,Warehouse_3,ID_27869
house_56,Warehouse_3,ID_23005
house_56,Warehouse_4,ID_26170
house_56,Warehouse_4,ID_28059
house_56,Warehouse_4,ID_19188
house_56,Warehouse_4,ID_19329
house_56,Warehouse_5,ID_17427
house_56,Warehouse_5,ID_28544
house_56,Warehouse_5,ID_49276
house_56,Warehouse_5,ID_20143
house_56,Warehouse_5,ID_46970
house_56,Warehouse_5,ID_2879
house_56,Warehouse_6,ID_25273
house_56,Warehouse_6,ID_15722
house_56,Warehouse_6,ID_17527
house_56,Warehouse_7,ID_7144
house_56,Warehouse_7,ID_34013
house_56,Warehouse_7,ID_32850
house_56,Warehouse_7,ID_42728
house_56,Warehouse_7,ID_28358
house_56,Warehouse_7,ID_17899
house_57,Warehouse_1,ID_5689
house_57,Warehouse_1,ID_9550
house_57,Warehouse_1,ID_34939
house_57,Warehouse_1,ID_28617
house_57,Warehouse_1,ID_16529
house_57,Warehouse_1,ID_45206
house_57,Warehouse_1,ID_9711
house_57,Warehouse_2,ID_8021
house_57,Warehouse_2,ID_14157
house_57,Warehouse_2,ID_25652
house_57,Warehouse_2,ID_23045
house_57,Warehouse_2,ID_33646
house_57,Warehouse_2,ID_48117
house_57,Warehouse_3,ID_26548
house_57,Warehouse_3,ID_24056
house_57,Warehouse_3,ID_1032
house_57,Warehouse_3,ID_4111
house_57,Warehouse_3,ID_27869
house_57,Warehouse_3,ID_23005
house_57,Warehouse_4,ID_26170
house_57,Warehouse_4,ID_28059
house_57,Warehouse_4,ID_19188
house_57,Warehouse_4,ID_19329
house_57,Warehouse_5,ID_17427
house_57,Warehouse_5,ID_28544
house_57,Warehouse_5,ID_49276
house_57,Warehouse_5,ID_20143
house_57,Warehouse_5,ID_46970
house_57,Warehouse_5,ID_2879
house_57,Warehouse_6,ID_25273
house_57,Warehouse_6,ID_15722
house_57,Warehouse_6,ID_17527
house_57,Warehouse_7,ID_7144
house_57,Warehouse_7,ID_34013
house_57,Warehouse_7,ID_32850
house_57,Warehouse_7,ID_42728
house_57,Warehouse_7,ID_28358
house_57,Warehouse_7,ID_17899
house_58,Warehouse_1,ID_5689
house_58,Warehouse_1,ID_9550
house_58,Warehouse_1,ID_34939
house_58,Warehouse_1,ID_28617
house_58,Warehouse_1,ID_16529
house_58,Warehouse_1,ID_45206
house_58,Warehouse_1,ID_9711
house_58,Warehouse_2,ID_8021
house_58,Warehouse_2,ID_14157
house_58,Warehouse_2,ID_25652
house_58,Warehouse_2,ID_23045
house_58,Warehouse_2,ID_33646
house_58,Warehouse_2,ID_48117
house_58,Warehouse_3,ID_26548
house_58,Warehouse_3,ID_24056
house_58,Warehouse_3,ID_1032
house_58,Warehouse_3,ID_4111
house_58,Warehouse_3,ID_27869
house_58,Warehouse_3,ID_23005
house_58,Warehouse_4,ID_26170
house_58,Warehouse_4,ID_28059
house_58,Warehouse_4,ID_19188
house_58,Warehouse_4,ID_19329
house_58,Warehouse_5,ID_17427
house_58,Warehouse_5,ID_28544
house_58,Warehouse_5,ID_49276
house_58,Warehouse_5,ID_20143
house_58,Warehouse_5,ID_46970
house_58,Warehouse_5,ID_2879
house_58,Warehouse_6,ID_25273
house_58,Warehouse_6,ID_15722
house_58,Warehouse_6,ID_17527
house_58,Warehouse_7,ID_7144
house_58,Warehouse_7,ID_34013
house_58,Warehouse_7,ID_32850
house_58,Warehouse_7,ID_42728
house_58,Warehouse_7,ID_28358
house_58,Warehouse_7,ID_17899
house_59,Warehouse_1,ID_5689
house_59,Warehouse_1,ID_9550
house_59,Warehouse_1,ID_34939
house_59,Warehouse_1,ID_28617
house_59,Warehouse_1,ID_16529
house_59,Warehouse_1,ID_45206
house_59,Warehouse_1,ID_9711
house_59,Warehouse_2,ID_8021
house_59,Warehouse_2,ID_14157
house_59,Warehouse_2,ID_25652
house_59,Warehouse_2,ID_23045
house_59,Warehouse_2,ID_33646
house_59,Warehouse_2,ID_48117
house_59,Warehouse_3,ID_26548
house_59,Warehouse_3,ID_24056
house_59,Warehouse_3,ID_1032
house_59,Warehouse_3,ID_4111
house_59,Warehouse_3,ID_27869
house_59,Warehouse_3,ID_23005
house_59,Warehouse_4,ID_26170
house_59,Warehouse_4,ID_28059
house_59,Warehouse_4,ID_19188
house_59,Warehouse_4,ID_19329
house_59,Warehouse_5,ID_17427
house_59,Warehouse_5,ID_28544
house_59,Warehouse_5,ID_49276
house_59,Warehouse_5,ID_20143
house_59,Warehouse_5,ID_46970
house_59,Warehouse_5,ID_2879
house_59,Warehouse_6,ID_25273
house_59,Warehouse_6,ID_15722
house_59,Warehouse_6,ID_17527
house_59,Warehouse_7,ID_7144
house_59,Warehouse_7,ID_34013
house_59,Warehouse_7,ID_32850
house_59,Warehouse_7,ID_42728
house_59,Warehouse_7,ID_28358
house_59,Warehouse_7,ID_17899
house_60,Warehouse_1,ID_5689
house_60,Warehouse_1,ID_9550
house_60,Warehouse_1,ID_34939
house_60,Warehouse_1,ID_28617
house_60,Warehouse_1,ID_16529
house_60,Warehouse_1,ID_45206
house_60,Warehouse_1,ID_9711
house_60,Warehouse_2,ID_8021
house_60,Warehouse_2,ID_14157
house_60,Warehouse_2,ID_25652
house_60,Warehouse_2,ID_23045
house_60,Warehouse_2,ID_33646
house_60,Warehouse_2,ID_48117
house_60,Warehouse_3,ID_26548
house_60,Warehouse_3,ID_24056
house_60,Warehouse_3,ID_1032
house_60,Warehouse_3,ID_4111
house_60,Warehouse_3,ID_27869
house_60,Warehouse_3,ID_23005
house_60,Warehouse_4,ID_26170
house_60,Warehouse_4,ID_28059
house_60,Warehouse_4,ID_19188
house_60,Warehouse_4,ID_19329
house_60,Warehouse_5,ID_17427
house_60,Warehouse_5,ID_28544
house_60,Warehouse_5,ID_49276
house_60,Warehouse_5,ID_20143
house_60,Warehouse_5,ID_46970
house_60,Warehouse_5,ID_2879
house_60,Warehouse_6,ID_25273
house_60,Warehouse_6,ID_15722
house_60,Warehouse_6,ID_17527
house_60,Warehouse_7,ID_7144
house_60,Warehouse_7,ID_34013
house_60,Warehouse_7,ID_32850
house_60,Warehouse_7,ID_42728
house_60,Warehouse_7,ID_28358
house_60,Warehouse_7,ID_17899
house_61,Warehouse_1,ID_5689
house_61,Warehouse_1,ID_9550
house_61,Warehouse_1,ID_34939
house_61,Warehouse_1,ID_28617
house_61,Warehouse_1,ID_16529
house_61,Warehouse_1,ID_45206
house_61,Warehouse_1,ID_9711
house_61,Warehouse_2,ID_8021
house_61,Warehouse_2,ID_14157
house_61,Warehouse_2,ID_25652
house_61,Warehouse_2,ID_23045
house_61,Warehouse_2,ID_33646
house_61,Warehouse_2,ID_48117
house_61,Warehouse_3,ID_26548
house_61,Warehouse_3,ID_24056
house_61,Warehouse_3,ID_1032
house_61,Warehouse_3,ID_4111
house_61,Warehouse_3,ID_27869
house_61,Warehouse_3,ID_23005
house_61,Warehouse_4,ID_26170
house_61,Warehouse_4,ID_28059
house_61,Warehouse_4,ID_19188
house_61,Warehouse_4,ID_19329
house_61,Warehouse_5,ID_17427
house_61,Warehouse_5,ID_28544
house_61,Warehouse_5,ID_49276
house_61,Warehouse_5,ID_20143
house_61,Warehouse_5,ID_46970
house_61,Warehouse_5,ID_2879
house_61,Warehouse_6,ID_25273
house_61,Warehouse_6,ID_15722
house_61,Warehouse_6,ID_17527
house_61,Warehouse_7,ID_7144
house_61,Warehouse_7,ID_34013
house_61,Warehouse_7,ID_32850
house_61,Warehouse_7,ID_42728
house_61,Warehouse_7,ID_28358
house_61,Warehouse_7,ID_17899
house_62,Warehouse_1,ID_5689
house_62,Warehouse_1,ID_9550
house_62,Warehouse_1,ID_34939
house_62,Warehouse_1,ID_28617
house_62,Warehouse_1,ID_16529
house_62,Warehouse_1,ID_45206
house_62,Warehouse_1,ID_9711
house_62,Warehouse_2,ID_8021
house_62,Warehouse_2,ID_14157
house_62,Warehouse_2,ID_25652
house_62,Warehouse_2,ID_23045
house_62,Warehouse_2,ID_33646
house_62,Warehouse_2,ID_48117
house_62,Warehouse_3,ID_26548
house_62,Warehouse_3,ID_24056
house_62,Warehouse_3,ID_1032
house_62,Warehouse_3,ID_4111
house_62,Warehouse_3,ID_27869
house_62,Warehouse_3,ID_23005
house_62,Warehouse_4,ID_26170
house_62,Warehouse_4,ID_28059
house_62,Warehouse_4,ID_19188
house_62,Warehouse_4,ID_19329
house_62,Warehouse_5,ID_17427
house_62,Warehouse_5,ID_28544
house_62,Warehouse_5,ID_49276
house_62,Warehouse_5,ID_20143
house_62,Warehouse_5,ID_46970
house_62,Warehouse_5,ID_2879
house_62,Warehouse_6,ID_25273
house_62,Warehouse_6,ID_15722
house_62,Warehouse_6,ID_17527
house_62,Warehouse_7,ID_7144
house_62,Warehouse_7,ID_34013
house_62,Warehouse_7,ID_32850
house_62,Warehouse_7,ID_42728
house_62,Warehouse_7,ID_28358
house_62,Warehouse_7,ID_17899
house_63,Warehouse_1,ID_5689
house_63,Warehouse_1,ID_9550
house_63,Warehouse_1,ID_34939
house_63,Warehouse_1,ID_28617
house_63,Warehouse_1,ID_16529
house_63,Warehouse_1,ID_45206
house_63,Warehouse_1,ID_9711
house_63,Warehouse_2,ID_8021
house_63,Warehouse_2,ID_14157
house_63,Warehouse_2,ID_25652
house_63,Warehouse_2,ID_23045
house_63,Warehouse_2,ID_33646
house_63,Warehouse_2,ID_48117
house_63,Warehouse_3,ID_26548
house_63,Warehouse_3,ID_24056
house_63,Warehouse_3,ID_1032
house_63,Warehouse_3,ID_4111
house_63,Warehouse_3,ID_27869
house_63,Warehouse_3,ID_23005
house_63,Warehouse_4,ID_26170
house_63,Warehouse_4,ID_28059
house_63,Warehouse_4,ID_19188
house_63,Warehouse_4,ID_19329
house_63,Warehouse_5,ID_17427
house_63,Warehouse_5,ID_28544
house_63,Warehouse_5,ID_49276
house_63,Warehouse_5,ID_20143
house_63,Warehouse_5,ID_46970
house_63,Warehouse_5,ID_2879
house_63,Warehouse_6,ID_25273
house_63,Warehouse_6,ID_15722
house_63,Warehouse_6,ID_17527
house_63,Warehouse_7,ID_7144
house_63,Warehouse_7,ID_34013
house_63,Warehouse_7,ID_32850
house_63,Warehouse_7,ID_42728
house_63,Warehouse_7,ID_28358
house_63,Warehouse_7,ID_17899
house_64,Warehouse_1,ID_5689
house_64,Warehouse_1,ID_9550
house_64,Warehouse_1,ID_34939
house_64,Warehouse_1,ID_28617
house_64,Warehouse_1,ID_16529
house_64,Warehouse_1,ID_45206
house_64,Warehouse_1,ID_9711
house_64,Warehouse_2,ID_8021
house_64,Warehouse_2,ID_14157
house_64,Warehouse_2,ID_25652
house_64,Warehouse_2,ID_23045
house_64,Warehouse_2,ID_33646
house_64,Warehouse_2,ID_48117
house_64,Warehouse_3,ID_26548
house_64,Warehouse_3,ID_24056
house_64,Warehouse_3,ID_1032
house_64,Warehouse_3,ID_4111
house_64,Warehouse_3,ID_27869
house_64,Warehouse_3,ID_23005
house_64,Warehouse_4,ID_26170
house_64,Warehouse_4,ID_28059
house_64,Warehouse_4,ID_19188
house_64,Warehouse_4,ID_19329
house_64,Warehouse_5,ID_17427
house_64,Warehouse_5,ID_28544
house_64,Warehouse_5,ID_49276
house_64,Warehouse_5,ID_20143
house_64,Warehouse_5,ID_46970
house_64,Warehouse_5,ID_2879
house_64,Warehouse_6,ID_25273
house_64,Warehouse_6,ID_15722
house_64,Warehouse_6,ID_17527
house_64,Warehouse_7,ID_7144
house_64,Warehouse_7,ID_34013
house_64,Warehouse_7,ID_32850
house_64,Warehouse_7,ID_42728
house_64,Warehouse_7,ID_28358
house_64,Warehouse_7,ID_17899
house_65,Warehouse_1,ID_5689
house_65,Warehouse_1,ID_9550
house_65,Warehouse_1,ID_34939
house_65,Warehouse_1,ID_28617
house_65,Warehouse_1,ID_16529
house_65,Warehouse_1,ID_45206
house_65,Warehouse_1,ID_9711
house_65,Warehouse_2,ID_8021
house_65,Warehouse_2,ID_14157
house_65,Warehouse_2,ID_25652
house_65,Warehouse_2,ID_23045
house_65,Warehouse_2,ID_33646
house_65,Warehouse_2,ID_48117
house_65,Warehouse_3,ID_26548
house_65,Warehouse_3,ID_24056
house_65,Warehouse_3,ID_1032
house_65,Warehouse_3,ID_4111
house_65,Warehouse_3,ID_27869
house_65,Warehouse_3,ID_23005
house_65,Warehouse_4,ID_26170
house_65,Warehouse_4,ID_28059
house_65,Warehouse_4,ID_19188
house_65,Warehouse_4,ID_19329
house_65,Warehouse_5,ID_17427
house_65,Warehouse_5,ID_28544
house_65,Warehouse_5,ID_49276
house_65,Warehouse_5,ID_20143
house_65,Warehouse_5,ID_46970
house_65,Warehouse_5,ID_2879
house_65,Warehouse_6,ID_25273
house_65,Warehouse_6,ID_15722
house_65,Warehouse_6,ID_17527
house_65,Warehouse_7,ID_7144
house_65,Warehouse_7,ID_34013
house_65,Warehouse_7,ID_32850
house_65,Warehouse_7,ID_42728
house_65,Warehouse_7,ID_28358
house_65,Warehouse_7,ID_17899
house_66,Warehouse_1,ID_5689
house_66,Warehouse_1,ID_9550
house_66,Warehouse_1,ID_34939
house_66,Warehouse_1,ID_28617
house_66,Warehouse_1,ID_16529
house_66,Warehouse_1,ID_45206
house_66,Warehouse_1,ID_9711
house_66,Warehouse_2,ID_8021
house_66,Warehouse_2,ID_14157
house_66,Warehouse_2,ID_25652
house_66,Warehouse_2,ID_23045
house_66,Warehouse_2,ID_33646
house_66,Warehouse_2,ID_48117
house_66,Warehouse_3,ID_26548
house_66,Warehouse_3,ID_24056
house_66,Warehouse_3,ID_1032
house_66,Warehouse_3,ID_4111
house_66,Warehouse_3,ID_27869
house_66,Warehouse_3,ID_23005
house_66,Warehouse_4,ID_26170
house_66,Warehouse_4,ID_28059
house_66,Warehouse_4,ID_19188
house_66,Warehouse_4,ID_19329
house_66,Warehouse_5,ID_17427
house_66,Warehouse_5,ID_28544
house_66,Warehouse_5,ID_49276
house_66,Warehouse_5,ID_20143
house_66,Warehouse_5,ID_46970
house_66,Warehouse_5,ID_2879
house_66,Warehouse_6,ID_25273
house_66,Warehouse_6,ID_15722
house_66,Warehouse_6,ID_17527
house_66,Warehouse_7,ID_7144
house_66,Warehouse_7,ID_34013
house_66,Warehouse_7,ID_32850
house_66,Warehouse_7,ID_42728
house_66,Warehouse_7,ID_28358
house_66,Warehouse_7,ID_17899
house_67,Warehouse_1,ID_5689
house_67,Warehouse_1,ID_9550
house_67,Warehouse_1,ID_34939
house_67,Warehouse_1,ID_28617
house_67,Warehouse_1,ID_16529
house_67,Warehouse_1,ID_45206
house_67,Warehouse_1,ID_9711
house_67,Warehouse_2,ID_8021
house_67,Warehouse_2,ID_14157
house_67,Warehouse_2,ID_25652
house_67,Warehouse_2,ID_23045
house_67,Warehouse_2,ID_33646
house_67,Warehouse_2,ID_48117
house_67,Warehouse_3,ID_26548
house_67,Warehouse_3,ID_24056
house_67,Warehouse_3,ID_1032
house_67,Warehouse_3,ID_4111
house_67,Warehouse_3,ID_27869
house_67,Warehouse_3,ID_23005
house_67,Warehouse_4,ID_26170
house_67,Warehouse_4,ID_28059
house_67,Warehouse_4,ID_19188
house_67,Warehouse_4,ID_19329
house_67,Warehouse_5,ID_17427
house_67,Warehouse_5,ID_28544
house_67,Warehouse_5,ID_49276
house_67,Warehouse_5,ID_20143
house_67,Warehouse_5,ID_46970
house_67,Warehouse_5,ID_2879
house_67,Warehouse_6,ID_25273
house_67,Warehouse_6,ID_15722
house_67,Warehouse_6,ID_17527
house_67,Warehouse_7,ID_7144
house_67,Warehouse_7,ID_34013
house_67,Warehouse_7,ID_32850
house_67,Warehouse_7,ID_42728
house_67,Warehouse_7,ID_28358
house_67,Warehouse_7,ID_17899
house_68,Warehouse_1,ID_5689
house_68,Warehouse_1,ID_9550
house_68,Warehouse_1,ID_34939
house_68,Warehouse_1,ID_28617
house_68,Warehouse_1,ID_16529
house_68,Warehouse_1,ID_45206
house_68,Warehouse_1,ID_9711
house_68,Warehouse_2,ID_8021
house_68,Warehouse_2,ID_14157
house_68,Warehouse_2,ID_25652
house_68,Warehouse_2,ID_23045
house_68,Warehouse_2,ID_33646
house_68,Warehouse_2,ID_48117
house_68,Warehouse_3,ID_26548
house_68,Warehouse_3,ID_24056
house_68,Warehouse_3,ID_1032
house_68,Warehouse_3,ID_4111
house_68,Warehouse_3,ID_27869
house_68,Warehouse_3,ID_23005
house_68,Warehouse_4,ID_26170
house_68,Warehouse_4,ID_28059
house_68,Warehouse_4,ID_19188
house_68,Warehouse_4,ID_19329
house_68,Warehouse_5,ID_17427
house_68,Warehouse_5,ID_28544
house_68,Warehouse_5,ID_49276
house_68,Warehouse_5,ID_20143
house_68,Warehouse_5,ID_46970
house_68,Warehouse_5,ID_2879
house_68,Warehouse_6,ID_25273
house_68,Warehouse_6,ID_15722
house_68,Warehouse_6,ID_17527
house_68,Warehouse_7,ID_7144
house_68,Warehouse_7,ID_34013
house_68,Warehouse_7,ID_32850
house_68,Warehouse_7,ID_42728
house_68,Warehouse_7,ID_28358
house_68,Warehouse_7,ID_17899
house_69,Warehouse_1,ID_5689
house_69,Warehouse_1,ID_9550
house_69,Warehouse_1,ID_34939
house_69,Warehouse_1,ID_28617
house_69,Warehouse_1,ID_16529
house_69,Warehouse_1,ID_45206
house_69,Warehouse_1,ID_9711
house_69,Warehouse_2,ID_8021
house_69,Warehouse_2,ID_14157
house_69,Warehouse_2,ID_25652
house_69,Warehouse_2,ID_23045
house_69,Warehouse_2,ID_33646
house_69,Warehouse_2,ID_48117
house_69,Warehouse_3,ID_26548
house_69,Warehouse_3,ID_24056
house_69,Warehouse_3,ID_1032
house_69,Warehouse_3,ID_4111
house_69,Warehouse_3,ID_27869
house_69,Warehouse_3,ID_23005
house_69,Warehouse_4,ID_26170
house_69,Warehouse_4,ID_28059
house_69,Warehouse_4,ID_19188
house_69,Warehouse_4,ID_19329
house_69,Warehouse_5,ID_17427
house_69,Warehouse_5,ID_28544
house_69,Warehouse_5,ID_49276
house_69,Warehouse_5,ID_20143
house_69,Warehouse_5,ID_46970
house_69,Warehouse_5,ID_2879
house_69,Warehouse_6,ID_25273
house_69,Warehouse_6,ID_15722
house_69,Warehouse_6,ID_17527
house_69,Warehouse_7,ID_7144
house_69,Warehouse_7,ID_34013
house_69,Warehouse_7,ID_32850
house_69,Warehouse_7,ID_42728
house_69,Warehouse_7,ID_28358
house_69,Warehouse_7,ID_17899
house_70,Warehouse_1,ID_5689
house_70,Warehouse_1,ID_9550
house_70,Warehouse_1,ID_34939
house_70,Warehouse_1,ID_28617
house_70,Warehouse_1,ID_16529
house_70,Warehouse_1,ID_45206
house_70,Warehouse_1,ID_9711
house_70,Warehouse_2,ID_8021
house_70,Warehouse_2,ID_14157
house_70,Warehouse_2,ID_25652
house_70,Warehouse_2,ID_23045
house_70,Warehouse_2,ID_33646
house_70,Warehouse_2,ID_48117
house_70,Warehouse_3,ID_26548
house_70,Warehouse_3,ID_24056
house_70,Warehouse_3,ID_1032
house_70,Warehouse_3,ID_4111
house_70,Warehouse_3,ID_27869
house_70,Warehouse_3,ID_23005
house_70,Warehouse_4,ID_26170
house_70,Warehouse_4,ID_28059
house_70,Warehouse_4,ID_19188
house_70,Warehouse_4,ID_19329
house_70,Warehouse_5,ID_17427
house_70,Warehouse_5,ID_28544
house_70,Warehouse_5,ID_49276
house_70,Warehouse_5,ID_20143
house_70,Warehouse_5,ID_46970
house_70,Warehouse_5,ID_2879
house_70,Warehouse_6,ID_25273
house_70,Warehouse_6,ID_15722
house_70,Warehouse_6,ID_17527
house_70,Warehouse_7,ID_7144
house_70,Warehouse_7,ID_34013
house_70,Warehouse_7,ID_32850
house_70,Warehouse_7,ID_42728
house_70,Warehouse_7,ID_28358
house_70,Warehouse_7,ID_17899
